{"v":"5.7.9","fr":30,"ip":0,"op":61,"w":279,"h":164,"nm":"confetti_lottie","ddd":0,"assets":[],"layers":[{"ddd":0,"ind":1,"ty":3,"nm":"Null 3","sr":1,"ks":{"o":{"a":0,"k":0,"ix":11},"r":{"a":0,"k":207,"ix":10},"p":{"a":0,"k":[139.5,82,0],"ix":2,"l":2},"a":{"a":0,"k":[0,0,0],"ix":1,"l":2},"s":{"a":0,"k":[100,100,100],"ix":6,"l":2}},"ao":0,"ip":1,"op":447,"st":-3,"bm":0},{"ddd":0,"ind":2,"ty":4,"nm":"figura 12","parent":1,"sr":1,"ks":{"o":{"a":0,"k":100,"ix":11},"r":{"a":0,"k":0,"ix":10},"p":{"a":1,"k":[{"i":{"x":0.15,"y":1},"o":{"x":0.85,"y":0},"t":5,"s":[-0.5,0,0],"to":[0,0,0],"ti":[0,0,0]},{"t":36,"s":[52.5,0,0]}],"ix":2,"l":2},"a":{"a":0,"k":[-5.25,-8.5,0],"ix":1,"l":2},"s":{"a":1,"k":[{"i":{"x":[0.15,0.15,0.15],"y":[1,1,1]},"o":{"x":[0.85,0.85,0.85],"y":[0,0,0]},"t":5,"s":[0,0,100]},{"i":{"x":[-0.053,-0.053,-0.053],"y":[1,1,1]},"o":{"x":[0.557,0.557,0.557],"y":[0,0,0]},"t":11,"s":[100,100,100]},{"i":{"x":[0.15,0.15,0.15],"y":[1,1,1]},"o":{"x":[0.85,0.85,0.85],"y":[0,0,0]},"t":33,"s":[100,100,100]},{"t":39,"s":[0,0,100]}],"ix":6,"l":2}},"ao":0,"shapes":[{"ty":"gr","it":[{"ind":0,"ty":"sh","ix":1,"ks":{"a":0,"k":{"i":[[-1.539,0],[0,-1.539],[1.539,0],[0,1.539]],"o":[[1.539,0],[0,1.539],[-1.539,0],[0,-1.539]],"v":[[0,-2.787],[2.787,0],[0,2.787],[-2.787,0]],"c":true},"ix":2},"nm":"Path 1","mn":"ADBE Vector Shape - Group","hd":false},{"ty":"fl","c":{"a":0,"k":[0.76862745098,0.611764705882,0.407843137255,1],"ix":4},"o":{"a":0,"k":100,"ix":5},"r":1,"bm":0,"nm":"Fill 1","mn":"ADBE Vector Graphic - Fill","hd":false},{"ty":"tr","p":{"a":0,"k":[-5.25,-8.5],"ix":2},"a":{"a":0,"k":[0,0],"ix":1},"s":{"a":0,"k":[100,100],"ix":3},"r":{"a":0,"k":0,"ix":6},"o":{"a":0,"k":100,"ix":7},"sk":{"a":0,"k":0,"ix":4},"sa":{"a":0,"k":0,"ix":5},"nm":"Transform"}],"nm":"Ellipse 1","np":3,"cix":2,"bm":0,"ix":1,"mn":"ADBE Vector Group","hd":false}],"ip":1,"op":451,"st":1,"bm":0},{"ddd":0,"ind":3,"ty":3,"nm":"Null 3","sr":1,"ks":{"o":{"a":0,"k":0,"ix":11},"r":{"a":0,"k":4,"ix":10},"p":{"a":0,"k":[139.5,82,0],"ix":2,"l":2},"a":{"a":0,"k":[0,0,0],"ix":1,"l":2},"s":{"a":0,"k":[100,100,100],"ix":6,"l":2}},"ao":0,"ip":1,"op":447,"st":-3,"bm":0},{"ddd":0,"ind":4,"ty":4,"nm":"figura 11","parent":3,"sr":1,"ks":{"o":{"a":0,"k":100,"ix":11},"r":{"a":0,"k":0,"ix":10},"p":{"a":1,"k":[{"i":{"x":0.63,"y":1},"o":{"x":0.921,"y":0},"t":5,"s":[-0.5,0,0],"to":[0,0,0],"ti":[0,0,0]},{"t":36,"s":[75.5,0,0]}],"ix":2,"l":2},"a":{"a":0,"k":[-5.25,-8.5,0],"ix":1,"l":2},"s":{"a":1,"k":[{"i":{"x":[0.15,0.15,0.15],"y":[1,1,1]},"o":{"x":[0.85,0.85,0.85],"y":[0,0,0]},"t":5,"s":[0,0,100]},{"i":{"x":[-0.053,-0.053,-0.053],"y":[1,1,1]},"o":{"x":[0.557,0.557,0.557],"y":[0,0,0]},"t":11,"s":[100,100,100]},{"i":{"x":[0.15,0.15,0.15],"y":[1,1,1]},"o":{"x":[0.85,0.85,0.85],"y":[0,0,0]},"t":33,"s":[100,100,100]},{"t":39,"s":[0,0,100]}],"ix":6,"l":2}},"ao":0,"shapes":[{"ty":"gr","it":[{"ind":0,"ty":"sh","ix":1,"ks":{"a":0,"k":{"i":[[-1.539,0],[0,-1.539],[1.539,0],[0,1.539]],"o":[[1.539,0],[0,1.539],[-1.539,0],[0,-1.539]],"v":[[0,-2.787],[2.787,0],[0,2.787],[-2.787,0]],"c":true},"ix":2},"nm":"Path 1","mn":"ADBE Vector Shape - Group","hd":false},{"ty":"fl","c":{"a":0,"k":[0.717647058824,0.145098039216,0.125490196078,1],"ix":4},"o":{"a":0,"k":100,"ix":5},"r":1,"bm":0,"nm":"Fill 1","mn":"ADBE Vector Graphic - Fill","hd":false},{"ty":"tr","p":{"a":0,"k":[-5.25,-8.5],"ix":2},"a":{"a":0,"k":[0,0],"ix":1},"s":{"a":0,"k":[100,100],"ix":3},"r":{"a":0,"k":0,"ix":6},"o":{"a":0,"k":100,"ix":7},"sk":{"a":0,"k":0,"ix":4},"sa":{"a":0,"k":0,"ix":5},"nm":"Transform"}],"nm":"Ellipse 1","np":3,"cix":2,"bm":0,"ix":1,"mn":"ADBE Vector Group","hd":false}],"ip":1,"op":451,"st":1,"bm":0},{"ddd":0,"ind":5,"ty":3,"nm":"Null 3","sr":1,"ks":{"o":{"a":0,"k":0,"ix":11},"r":{"a":0,"k":184,"ix":10},"p":{"a":0,"k":[139.5,82,0],"ix":2,"l":2},"a":{"a":0,"k":[0,0,0],"ix":1,"l":2},"s":{"a":0,"k":[100,100,100],"ix":6,"l":2}},"ao":0,"ip":3,"op":449,"st":-1,"bm":0},{"ddd":0,"ind":6,"ty":4,"nm":"figura 10","parent":5,"sr":1,"ks":{"o":{"a":0,"k":100,"ix":11},"r":{"a":0,"k":0,"ix":10},"p":{"a":1,"k":[{"i":{"x":0.15,"y":1},"o":{"x":0.85,"y":0},"t":7,"s":[-0.5,0,0],"to":[0,0,0],"ti":[0,0,0]},{"t":38,"s":[120.5,0,0]}],"ix":2,"l":2},"a":{"a":0,"k":[-5.25,-8.5,0],"ix":1,"l":2},"s":{"a":1,"k":[{"i":{"x":[0.15,0.15,0.15],"y":[1,1,1]},"o":{"x":[0.85,0.85,0.85],"y":[0,0,0]},"t":7,"s":[0,0,100]},{"i":{"x":[-0.053,-0.053,-0.053],"y":[1,1,1]},"o":{"x":[0.557,0.557,0.557],"y":[0,0,0]},"t":13,"s":[100,100,100]},{"i":{"x":[0.15,0.15,0.15],"y":[1,1,1]},"o":{"x":[0.85,0.85,0.85],"y":[0,0,0]},"t":35,"s":[100,100,100]},{"t":41,"s":[0,0,100]}],"ix":6,"l":2}},"ao":0,"shapes":[{"ty":"gr","it":[{"ind":0,"ty":"sh","ix":1,"ks":{"a":0,"k":{"i":[[-0.863,0],[0,-0.863],[0.863,0],[0,0.863]],"o":[[0.863,0],[0,0.863],[-0.863,0],[0,-0.863]],"v":[[0,-1.563],[1.563,0],[0,1.563],[-1.563,0]],"c":true},"ix":2},"nm":"Path 1","mn":"ADBE Vector Shape - Group","hd":false},{"ty":"fl","c":{"a":0,"k":[0.803921568627,0.803921568627,0.803921568627,1],"ix":4},"o":{"a":0,"k":100,"ix":5},"r":1,"bm":0,"nm":"Fill 1","mn":"ADBE Vector Graphic - Fill","hd":false},{"ty":"tr","p":{"a":0,"k":[-5.25,-8.5],"ix":2},"a":{"a":0,"k":[0,0],"ix":1},"s":{"a":0,"k":[100,100],"ix":3},"r":{"a":0,"k":0,"ix":6},"o":{"a":0,"k":100,"ix":7},"sk":{"a":0,"k":0,"ix":4},"sa":{"a":0,"k":0,"ix":5},"nm":"Transform"}],"nm":"Ellipse 1","np":3,"cix":2,"bm":0,"ix":1,"mn":"ADBE Vector Group","hd":false}],"ip":3,"op":453,"st":3,"bm":0},{"ddd":0,"ind":7,"ty":3,"nm":"Null 3","sr":1,"ks":{"o":{"a":0,"k":0,"ix":11},"r":{"a":0,"k":350,"ix":10},"p":{"a":0,"k":[139.5,82,0],"ix":2,"l":2},"a":{"a":0,"k":[0,0,0],"ix":1,"l":2},"s":{"a":0,"k":[100,100,100],"ix":6,"l":2}},"ao":0,"ip":2,"op":448,"st":-2,"bm":0},{"ddd":0,"ind":8,"ty":4,"nm":"figura 9","parent":7,"sr":1,"ks":{"o":{"a":0,"k":100,"ix":11},"r":{"a":0,"k":0,"ix":10},"p":{"a":1,"k":[{"i":{"x":0.15,"y":1},"o":{"x":0.85,"y":0},"t":6,"s":[-0.5,0,0],"to":[0,0,0],"ti":[0,0,0]},{"t":37,"s":[128.5,0,0]}],"ix":2,"l":2},"a":{"a":0,"k":[-5.25,-8.5,0],"ix":1,"l":2},"s":{"a":1,"k":[{"i":{"x":[0.15,0.15,0.15],"y":[1,1,1]},"o":{"x":[0.85,0.85,0.85],"y":[0,0,0]},"t":6,"s":[0,0,100]},{"i":{"x":[-0.053,-0.053,-0.053],"y":[1,1,1]},"o":{"x":[0.557,0.557,0.557],"y":[0,0,0]},"t":12,"s":[100,100,100]},{"i":{"x":[0.15,0.15,0.15],"y":[1,1,1]},"o":{"x":[0.85,0.85,0.85],"y":[0,0,0]},"t":34,"s":[100,100,100]},{"t":40,"s":[0,0,100]}],"ix":6,"l":2}},"ao":0,"shapes":[{"ty":"gr","it":[{"ind":0,"ty":"sh","ix":1,"ks":{"a":0,"k":{"i":[[-1.567,0],[0,-1.567],[1.567,0],[0,1.567]],"o":[[1.567,0],[0,1.567],[-1.567,0],[0,-1.567]],"v":[[0,-2.838],[2.838,0],[0,2.838],[-2.838,0]],"c":true},"ix":2},"nm":"Path 1","mn":"ADBE Vector Shape - Group","hd":false},{"ty":"fl","c":{"a":0,"k":[0.886274509804,0.886274509804,0.886274509804,1],"ix":4},"o":{"a":0,"k":100,"ix":5},"r":1,"bm":0,"nm":"Fill 1","mn":"ADBE Vector Graphic - Fill","hd":false},{"ty":"tr","p":{"a":0,"k":[-5.25,-8.5],"ix":2},"a":{"a":0,"k":[0,0],"ix":1},"s":{"a":0,"k":[100,100],"ix":3},"r":{"a":0,"k":0,"ix":6},"o":{"a":0,"k":100,"ix":7},"sk":{"a":0,"k":0,"ix":4},"sa":{"a":0,"k":0,"ix":5},"nm":"Transform"}],"nm":"Ellipse 1","np":3,"cix":2,"bm":0,"ix":1,"mn":"ADBE Vector Group","hd":false}],"ip":2,"op":452,"st":2,"bm":0},{"ddd":0,"ind":9,"ty":3,"nm":"Null 3","sr":1,"ks":{"o":{"a":0,"k":0,"ix":11},"r":{"a":0,"k":136,"ix":10},"p":{"a":0,"k":[139.5,82,0],"ix":2,"l":2},"a":{"a":0,"k":[0,0,0],"ix":1,"l":2},"s":{"a":0,"k":[100,100,100],"ix":6,"l":2}},"ao":0,"ip":1,"op":447,"st":-3,"bm":0},{"ddd":0,"ind":10,"ty":4,"nm":"figura 8","parent":9,"sr":1,"ks":{"o":{"a":0,"k":100,"ix":11},"r":{"a":0,"k":0,"ix":10},"p":{"a":1,"k":[{"i":{"x":0.15,"y":1},"o":{"x":0.85,"y":0},"t":5,"s":[-0.5,0,0],"to":[0,0,0],"ti":[0,0,0]},{"t":36,"s":[72.5,0,0]}],"ix":2,"l":2},"a":{"a":0,"k":[-5.25,-8.5,0],"ix":1,"l":2},"s":{"a":1,"k":[{"i":{"x":[0.15,0.15,0.15],"y":[1,1,1]},"o":{"x":[0.85,0.85,0.85],"y":[0,0,0]},"t":5,"s":[0,0,100]},{"i":{"x":[-0.053,-0.053,-0.053],"y":[1,1,1]},"o":{"x":[0.557,0.557,0.557],"y":[0,0,0]},"t":11,"s":[100,100,100]},{"i":{"x":[0.15,0.15,0.15],"y":[1,1,1]},"o":{"x":[0.85,0.85,0.85],"y":[0,0,0]},"t":33,"s":[100,100,100]},{"t":39,"s":[0,0,100]}],"ix":6,"l":2}},"ao":0,"shapes":[{"ty":"gr","it":[{"ind":0,"ty":"sh","ix":1,"ks":{"a":0,"k":{"i":[[-0.863,0],[0,-0.863],[0.863,0],[0,0.863]],"o":[[0.863,0],[0,0.863],[-0.863,0],[0,-0.863]],"v":[[0,-1.563],[1.563,0],[0,1.563],[-1.563,0]],"c":true},"ix":2},"nm":"Path 1","mn":"ADBE Vector Shape - Group","hd":false},{"ty":"fl","c":{"a":0,"k":[0.803921568627,0.803921568627,0.803921568627,1],"ix":4},"o":{"a":0,"k":100,"ix":5},"r":1,"bm":0,"nm":"Fill 1","mn":"ADBE Vector Graphic - Fill","hd":false},{"ty":"tr","p":{"a":0,"k":[-5.25,-8.5],"ix":2},"a":{"a":0,"k":[0,0],"ix":1},"s":{"a":0,"k":[100,100],"ix":3},"r":{"a":0,"k":0,"ix":6},"o":{"a":0,"k":100,"ix":7},"sk":{"a":0,"k":0,"ix":4},"sa":{"a":0,"k":0,"ix":5},"nm":"Transform"}],"nm":"Ellipse 1","np":3,"cix":2,"bm":0,"ix":1,"mn":"ADBE Vector Group","hd":false}],"ip":1,"op":451,"st":1,"bm":0},{"ddd":0,"ind":11,"ty":3,"nm":"Null 3","sr":1,"ks":{"o":{"a":0,"k":0,"ix":11},"r":{"a":0,"k":35,"ix":10},"p":{"a":0,"k":[139.5,82,0],"ix":2,"l":2},"a":{"a":0,"k":[0,0,0],"ix":1,"l":2},"s":{"a":0,"k":[100,100,100],"ix":6,"l":2}},"ao":0,"ip":3,"op":449,"st":-1,"bm":0},{"ddd":0,"ind":12,"ty":4,"nm":"figura 7","parent":11,"sr":1,"ks":{"o":{"a":0,"k":100,"ix":11},"r":{"a":0,"k":0,"ix":10},"p":{"a":1,"k":[{"i":{"x":0.15,"y":1},"o":{"x":0.85,"y":0},"t":7,"s":[-0.5,0,0],"to":[0,0,0],"ti":[0,0,0]},{"t":38,"s":[75.5,0,0]}],"ix":2,"l":2},"a":{"a":0,"k":[-5.25,-8.5,0],"ix":1,"l":2},"s":{"a":1,"k":[{"i":{"x":[0.15,0.15,0.15],"y":[1,1,1]},"o":{"x":[0.85,0.85,0.85],"y":[0,0,0]},"t":7,"s":[0,0,100]},{"i":{"x":[-0.053,-0.053,-0.053],"y":[1,1,1]},"o":{"x":[0.557,0.557,0.557],"y":[0,0,0]},"t":13,"s":[100,100,100]},{"i":{"x":[0.15,0.15,0.15],"y":[1,1,1]},"o":{"x":[0.85,0.85,0.85],"y":[0,0,0]},"t":35,"s":[100,100,100]},{"t":41,"s":[0,0,100]}],"ix":6,"l":2}},"ao":0,"shapes":[{"ty":"gr","it":[{"ind":0,"ty":"sh","ix":1,"ks":{"a":0,"k":{"i":[[0.156,0.017],[0,0],[0,0],[0.116,0.106],[0.106,-0.116],[0,0],[0,0],[0,0],[0.116,0.106],[0.106,-0.116],[0,0],[0,0],[0.044,0.102],[0.075,0.087],[0,0],[0,0],[-0.001,0.157],[0.157,0.001],[0,0],[0,0],[0,0],[-0.001,0.157],[0.157,0.001],[0,0],[0,0],[0.126,0.093],[0.093,-0.126],[0,0],[0,0],[0.15,-0.048],[-0.048,-0.15],[0,0],[0,0],[0,0],[0.15,-0.048],[-0.048,-0.15],[0,0],[0,0],[0.02,0.046],[0,0],[0,0],[0.136,0.079],[0.079,-0.136],[0,0],[0,0],[0,0],[0.136,0.079],[0.079,-0.136],[0,0],[0,0],[0.144,-0.063],[-0.063,-0.144],[0,0],[0,0],[0.034,-0.153],[-0.153,-0.034],[0,0],[0,0],[0,0],[0.034,-0.153],[-0.153,-0.034],[0,0],[0,0],[0.071,-0.189],[0,0],[0,0],[0.137,-0.078],[-0.078,-0.137],[0,0],[0,0],[0,0],[0,0],[0.137,-0.078],[-0.078,-0.137],[0,0],[0,0],[0.017,-0.156],[-0.156,-0.018],[0,0],[0,0],[-0.116,-0.106],[-0.106,0.116],[0,0],[0,0],[0,0],[-0.116,-0.106],[-0.106,0.116],[0,0],[0,0],[-0.047,-0.108],[-0.064,-0.08],[0,0],[0,0],[0.001,-0.157],[-0.157,-0.001],[0,0],[0,0],[0,0],[0.001,-0.157],[-0.157,-0.001],[0,0],[0,0],[-0.126,-0.093],[-0.093,0.126],[0,0],[0,0],[-0.15,0.048],[0.048,0.15],[0,0],[0,0],[0,0],[-0.15,0.048],[0.048,0.15],[0,0],[0,0],[-0.279,0.056],[0,0],[0,0],[-0.136,-0.079],[-0.079,0.136],[0,0],[0,0],[0,0],[-0.136,-0.079],[-0.079,0.136],[0,0],[0,0],[-0.144,0.063],[0.063,0.144],[0,0],[0,0],[-0.034,0.154],[0.153,0.034],[0,0],[0,0],[0,0],[-0.034,0.153],[0.153,0.034],[0,0],[0,0],[-0.078,0.216],[0,0],[0,0],[-0.137,0.078],[0.078,0.137],[0,0],[0,0],[0,0],[0,0],[-0.137,0.078],[0.078,0.137],[0,0],[0,0],[-0.017,0.156]],"o":[[0,0],[0,0],[0.106,-0.116],[-0.116,-0.106],[0,0],[0,0],[0,0],[0.106,-0.116],[-0.116,-0.106],[0,0],[0,0],[-0.015,-0.105],[-0.049,-0.111],[0,0],[0,0],[0.157,0.001],[0.001,-0.157],[0,0],[0,0],[0,0],[0.157,0.001],[0.001,-0.157],[0,0],[0,0],[0.093,-0.127],[-0.126,-0.093],[0,0],[0,0],[-0.048,-0.15],[-0.15,0.048],[0,0],[0,0],[0,0],[-0.048,-0.15],[-0.15,0.048],[0,0],[0,0],[-0.205,-0.081],[0,0],[0,0],[0.079,-0.136],[-0.136,-0.079],[0,0],[0,0],[0,0],[0.079,-0.136],[-0.136,-0.079],[0,0],[0,0],[-0.063,-0.144],[-0.144,0.063],[0,0],[0,0],[-0.153,-0.034],[-0.034,0.154],[0,0],[0,0],[0,0],[-0.154,-0.034],[-0.034,0.154],[0,0],[0,0],[-0.232,0.164],[0,0],[0,0],[-0.078,-0.137],[-0.137,0.078],[0,0],[0,0],[0,0],[0,0],[-0.078,-0.137],[-0.137,0.078],[0,0],[0,0],[-0.156,-0.018],[-0.017,0.156],[0,0],[0,0],[-0.106,0.116],[0.116,0.106],[0,0],[0,0],[0,0],[-0.106,0.116],[0.116,0.106],[0,0],[0,0],[0.014,0.111],[0.043,0.098],[0,0],[0,0],[-0.157,-0.001],[-0.001,0.157],[0,0],[0,0],[0,0],[-0.157,-0.001],[-0.001,0.157],[0,0],[0,0],[-0.093,0.126],[0.126,0.093],[0,0],[0,0],[0.048,0.15],[0.15,-0.048],[0,0],[0,0],[0,0],[0.048,0.15],[0.15,-0.048],[0,0],[0,0],[0.194,0.084],[0,0],[0,0],[-0.079,0.136],[0.136,0.079],[0,0],[0,0],[0,0],[-0.079,0.136],[0.136,0.079],[0,0],[0,0],[0.063,0.144],[0.144,-0.063],[0,0],[0,0],[0.153,0.034],[0.034,-0.153],[0,0],[0,0],[0,0],[0.153,0.034],[0.034,-0.153],[0,0],[0,0],[-0.021,-0.048],[0,0],[0,0],[0.078,0.137],[0.137,-0.078],[0,0],[0,0],[0,0],[0,0],[0.078,0.137],[0.137,-0.078],[0,0],[0,0],[0.156,0.018],[0.017,-0.156]],"v":[[12.586,9.067],[11.237,8.916],[12.058,8.023],[12.039,7.624],[11.637,7.637],[10.538,8.838],[9.342,8.704],[10.762,7.154],[10.743,6.756],[10.342,6.769],[8.643,8.626],[6.439,8.379],[6.352,8.069],[6.165,7.77],[7.483,5.982],[10.001,5.997],[10.285,5.713],[10.004,5.428],[7.9,5.416],[8.614,4.447],[10.243,4.456],[10.527,4.172],[10.246,3.887],[9.031,3.881],[9.837,2.788],[9.776,2.39],[9.379,2.45],[8.573,3.543],[8.21,2.386],[7.855,2.203],[7.666,2.557],[8.156,4.11],[7.442,5.078],[6.81,3.074],[6.455,2.891],[6.266,3.245],[7.025,5.645],[5.744,7.422],[5.131,7.342],[4.234,5.29],[5.463,3.135],[5.336,2.757],[4.981,2.843],[3.952,4.645],[3.47,3.543],[4.249,2.155],[4.123,1.776],[3.768,1.863],[3.188,2.898],[2.644,1.654],[2.275,1.504],[2.135,1.877],[2.679,3.121],[1.445,2.878],[1.084,3.105],[1.334,3.43],[2.96,3.766],[3.442,4.868],[1.341,4.435],[0.98,4.661],[1.229,4.986],[3.724,5.513],[4.628,7.58],[4.218,8.098],[1.95,7.861],[0.689,5.684],[0.292,5.589],[0.182,5.973],[1.223,7.795],[0.828,7.751],[0.026,7.661],[-0.782,6.251],[-1.171,6.153],[-1.277,6.535],[-0.673,7.583],[-2.023,7.432],[-2.338,7.683],[-2.086,7.998],[-0.737,8.149],[-1.558,9.049],[-1.54,9.451],[-1.138,9.433],[-0.038,8.227],[1.158,8.361],[-0.263,9.918],[-0.244,10.32],[0.158,10.301],[1.857,8.439],[4.09,8.689],[4.18,9.018],[4.342,9.285],[3.012,11.09],[0.498,11.078],[0.218,11.366],[0.496,11.649],[2.595,11.656],[1.881,12.625],[0.255,12.619],[-0.024,12.907],[0.254,13.19],[1.464,13.191],[0.658,14.285],[0.718,14.683],[1.116,14.622],[1.922,13.529],[2.291,14.691],[2.648,14.876],[2.833,14.519],[2.339,12.963],[3.053,11.994],[3.691,14.003],[4.048,14.188],[4.233,13.831],[3.47,11.428],[4.854,9.604],[5.54,9.666],[6.434,11.71],[5.114,13.904],[5.201,14.3],[5.625,14.183],[6.715,12.355],[7.198,13.457],[6.328,14.885],[6.415,15.28],[6.839,15.164],[7.479,14.102],[8.023,15.346],[8.392,15.496],[8.533,15.123],[7.989,13.879],[9.136,14.16],[9.453,13.952],[9.269,13.599],[7.707,13.234],[7.225,12.132],[9.24,12.603],[9.557,12.396],[9.373,12.042],[6.944,11.487],[6.057,9.458],[6.423,8.927],[8.601,9.182],[9.836,11.375],[10.219,11.481],[10.323,11.096],[9.28,9.269],[9.424,9.286],[10.475,9.403],[11.282,10.819],[11.67,10.923],[11.776,10.537],[11.173,9.482],[12.523,9.633],[12.838,9.382]],"c":true},"ix":2},"nm":"Path 1","mn":"ADBE Vector Shape - Group","hd":false},{"ty":"fl","c":{"a":0,"k":[0.76862745098,0.611764705882,0.407843137255,1],"ix":4},"o":{"a":0,"k":100,"ix":5},"r":1,"bm":0,"nm":"Fill 1","mn":"ADBE Vector Graphic - Fill","hd":false},{"ty":"tr","p":{"a":0,"k":[-5.25,-8.5],"ix":2},"a":{"a":0,"k":[0,0],"ix":1},"s":{"a":0,"k":[100,100],"ix":3},"r":{"a":0,"k":0,"ix":6},"o":{"a":0,"k":100,"ix":7},"sk":{"a":0,"k":0,"ix":4},"sa":{"a":0,"k":0,"ix":5},"nm":"Transform"}],"nm":"Ellipse 1","np":3,"cix":2,"bm":0,"ix":1,"mn":"ADBE Vector Group","hd":false}],"ip":3,"op":453,"st":3,"bm":0},{"ddd":0,"ind":13,"ty":3,"nm":"Null 3","sr":1,"ks":{"o":{"a":0,"k":0,"ix":11},"r":{"a":0,"k":248,"ix":10},"p":{"a":0,"k":[139.5,82,0],"ix":2,"l":2},"a":{"a":0,"k":[0,0,0],"ix":1,"l":2},"s":{"a":0,"k":[100,100,100],"ix":6,"l":2}},"ao":0,"ip":1,"op":447,"st":-3,"bm":0},{"ddd":0,"ind":14,"ty":4,"nm":"figura 6","parent":13,"sr":1,"ks":{"o":{"a":0,"k":100,"ix":11},"r":{"a":1,"k":[{"i":{"x":[0.833],"y":[0.833]},"o":{"x":[0.167],"y":[0.167]},"t":-17,"s":[360]},{"t":38,"s":[0]}],"ix":10},"p":{"a":1,"k":[{"i":{"x":0.15,"y":1},"o":{"x":0.85,"y":0},"t":5,"s":[0,0,0],"to":[0,0,0],"ti":[0,0,0]},{"t":36,"s":[81.125,4.25,0]}],"ix":2,"l":2},"a":{"a":0,"k":[0,0,0],"ix":1,"l":2},"s":{"a":1,"k":[{"i":{"x":[0.15,0.15,0.15],"y":[1,1,1]},"o":{"x":[0.85,0.85,0.85],"y":[0,0,0]},"t":5,"s":[0,0,100]},{"i":{"x":[0.15,0.15,0.15],"y":[1,1,1]},"o":{"x":[0.85,0.85,0.85],"y":[0,0,0]},"t":11,"s":[100,100,100]},{"i":{"x":[0.15,0.15,0.15],"y":[1,1,1]},"o":{"x":[0.85,0.85,0.85],"y":[0,0,0]},"t":30,"s":[100,100,100]},{"t":36,"s":[0,0,100]}],"ix":6,"l":2}},"ao":0,"shapes":[{"ty":"gr","it":[{"ind":0,"ty":"sh","ix":1,"ks":{"a":0,"k":{"i":[[0.081,0.156],[0,0],[0,0],[-0.052,0.168],[0.168,0.052],[0,0],[0,0],[0,0],[0,0],[-0.129,0.12],[0.12,0.128],[0,0],[0,0],[-0.006,0.176],[0.176,0.006],[0,0],[0,0],[0.12,0.128],[0.129,-0.12],[0,0],[0,0],[0,0],[0,0],[0.039,0.171],[0.171,-0.039],[0,0],[0,0],[0.148,0.094],[0.094,-0.148],[0,0],[0,0],[0.171,-0.039],[-0.039,-0.171],[0,0],[0,0],[0,0],[0,0],[0.168,0.053],[0.052,-0.168],[0,0],[0,0],[0.156,-0.081],[-0.081,-0.156],[0,0],[0,0],[0.053,-0.168],[-0.168,-0.052],[0,0],[0,0],[0,0],[0,0],[0.128,-0.12],[-0.12,-0.128],[0,0],[0,0],[0.006,-0.176],[-0.176,-0.006],[0,0],[0,0],[-0.12,-0.129],[-0.128,0.12],[0,0],[0,0],[0,0],[0,0],[-0.039,-0.171],[-0.171,0.039],[0,0],[0,0],[-0.148,-0.094],[-0.094,0.148],[0,0],[0,0],[-0.171,0.039],[0.039,0.171],[0,0],[0,0],[0,0],[0,0],[-0.168,-0.053],[-0.052,0.168],[0,0],[0,0],[-0.156,0.081]],"o":[[0,0],[0,0],[0.168,0.052],[0.053,-0.168],[0,0],[0,0],[0,0],[0,0],[0.12,0.128],[0.129,-0.12],[0,0],[0,0],[0.175,0.006],[0.006,-0.175],[0,0],[0,0],[0.129,-0.12],[-0.12,-0.129],[0,0],[0,0],[0,0],[0,0],[0.171,-0.039],[-0.039,-0.171],[0,0],[0,0],[0.094,-0.149],[-0.149,-0.094],[0,0],[0,0],[-0.039,-0.171],[-0.171,0.039],[0,0],[0,0],[0,0],[0,0],[0.053,-0.168],[-0.168,-0.052],[0,0],[0,0],[-0.081,-0.156],[-0.156,0.081],[0,0],[0,0],[-0.168,-0.052],[-0.052,0.168],[0,0],[0,0],[0,0],[0,0],[-0.12,-0.129],[-0.129,0.12],[0,0],[0,0],[-0.176,-0.006],[-0.006,0.175],[0,0],[0,0],[-0.129,0.12],[0.12,0.128],[0,0],[0,0],[0,0],[0,0],[-0.171,0.039],[0.039,0.171],[0,0],[0,0],[-0.094,0.148],[0.149,0.094],[0,0],[0,0],[0.039,0.171],[0.171,-0.039],[0,0],[0,0],[0,0],[0,0],[-0.053,0.168],[0.168,0.052],[0,0],[0,0],[0.081,0.156],[0.156,-0.081]],"v":[[7.691,12.464],[6.994,11.131],[7.852,11.4],[8.252,11.187],[8.045,10.785],[6.572,10.323],[5.792,8.833],[7.467,8.892],[8.55,10.055],[9.003,10.068],[9.022,9.615],[8.378,8.924],[9.878,8.977],[10.207,8.666],[9.9,8.333],[8.397,8.28],[9.055,7.667],[9.068,7.214],[8.615,7.195],[7.454,8.228],[5.752,8.148],[6.639,6.744],[8.221,6.414],[8.477,6.04],[8.072,5.78],[7.126,5.973],[7.928,4.704],[7.848,4.278],[7.429,4.39],[6.626,5.662],[6.436,4.79],[6.056,4.553],[5.805,4.93],[6.139,6.432],[5.256,7.829],[4.499,6.37],[4.964,4.863],[4.739,4.472],[4.352,4.673],[4.084,5.567],[3.389,4.237],[2.956,4.105],[2.818,4.536],[3.515,5.869],[2.643,5.608],[2.236,5.824],[2.454,6.221],[3.938,6.677],[4.708,8.15],[3.033,8.091],[1.949,6.944],[1.496,6.947],[1.478,7.383],[2.122,8.058],[0.622,8.005],[0.293,8.316],[0.6,8.65],[2.103,8.703],[1.445,9.332],[1.431,9.793],[1.884,9.799],[3.006,8.729],[4.654,8.783],[3.759,10.199],[2.231,10.562],[2.009,10.958],[2.371,11.19],[3.272,10.969],[2.471,12.238],[2.55,12.664],[2.969,12.553],[3.773,11.281],[4.016,12.187],[4.423,12.441],[4.633,12.038],[4.26,10.51],[5.157,9.09],[5.97,10.605],[5.511,12.132],[5.731,12.537],[6.138,12.332],[6.423,11.432],[7.119,12.762],[7.552,12.895]],"c":true},"ix":2},"nm":"Path 1","mn":"ADBE Vector Shape - Group","hd":false},{"ty":"fl","c":{"a":0,"k":[0.76862745098,0.611764705882,0.407843137255,1],"ix":4},"o":{"a":0,"k":100,"ix":5},"r":1,"bm":0,"nm":"Fill 1","mn":"ADBE Vector Graphic - Fill","hd":false},{"ty":"tr","p":{"a":0,"k":[-5.25,-8.5],"ix":2},"a":{"a":0,"k":[0,0],"ix":1},"s":{"a":0,"k":[100,100],"ix":3},"r":{"a":0,"k":0,"ix":6},"o":{"a":0,"k":100,"ix":7},"sk":{"a":0,"k":0,"ix":4},"sa":{"a":0,"k":0,"ix":5},"nm":"Transform"}],"nm":"Ellipse 1","np":3,"cix":2,"bm":0,"ix":1,"mn":"ADBE Vector Group","hd":false}],"ip":1,"op":451,"st":1,"bm":0},{"ddd":0,"ind":15,"ty":3,"nm":"Null 3","sr":1,"ks":{"o":{"a":0,"k":0,"ix":11},"r":{"a":0,"k":71,"ix":10},"p":{"a":0,"k":[139.5,82,0],"ix":2,"l":2},"a":{"a":0,"k":[0,0,0],"ix":1,"l":2},"s":{"a":0,"k":[100,100,100],"ix":6,"l":2}},"ao":0,"ip":3,"op":449,"st":-1,"bm":0},{"ddd":0,"ind":16,"ty":4,"nm":"figura 5","parent":15,"sr":1,"ks":{"o":{"a":0,"k":100,"ix":11},"r":{"a":1,"k":[{"i":{"x":[0.833],"y":[0.833]},"o":{"x":[0.167],"y":[0.167]},"t":-15,"s":[360]},{"t":40,"s":[0]}],"ix":10},"p":{"a":1,"k":[{"i":{"x":0.15,"y":1},"o":{"x":0.85,"y":0},"t":7,"s":[0,0,0],"to":[0,0,0],"ti":[0,0,0]},{"t":38,"s":[63.125,4.25,0]}],"ix":2,"l":2},"a":{"a":0,"k":[0,0,0],"ix":1,"l":2},"s":{"a":1,"k":[{"i":{"x":[0.15,0.15,0.15],"y":[1,1,1]},"o":{"x":[0.85,0.85,0.85],"y":[0,0,0]},"t":7,"s":[0,0,100]},{"i":{"x":[0.15,0.15,0.15],"y":[1,1,1]},"o":{"x":[0.85,0.85,0.85],"y":[0,0,0]},"t":13,"s":[100,100,100]},{"i":{"x":[0.15,0.15,0.15],"y":[1,1,1]},"o":{"x":[0.85,0.85,0.85],"y":[0,0,0]},"t":32,"s":[100,100,100]},{"t":38,"s":[0,0,100]}],"ix":6,"l":2}},"ao":0,"shapes":[{"ty":"gr","it":[{"ind":0,"ty":"sh","ix":1,"ks":{"a":0,"k":{"i":[[0,0],[0,0],[0,0],[0,0],[0,0],[0,0],[0,0],[0,0],[0,0],[0,0]],"o":[[0,0],[0,0],[0,0],[0,0],[0,0],[0,0],[0,0],[0,0],[0,0],[0,0]],"v":[[5.374,12.646],[1.285,14.91],[1.975,10.287],[-1.443,7.098],[3.167,6.325],[5.144,2.09],[7.303,6.235],[11.943,6.807],[8.667,10.141],[9.558,14.73]],"c":true},"ix":2},"nm":"Path 2","mn":"ADBE Vector Shape - Group","hd":false},{"ty":"fl","c":{"a":0,"k":[0.941176470588,0.941176470588,0.941176470588,1],"ix":4},"o":{"a":0,"k":100,"ix":5},"r":1,"bm":0,"nm":"Fill 1","mn":"ADBE Vector Graphic - Fill","hd":false},{"ty":"tr","p":{"a":0,"k":[-5.25,-8.5],"ix":2},"a":{"a":0,"k":[0,0],"ix":1},"s":{"a":0,"k":[100,100],"ix":3},"r":{"a":0,"k":0,"ix":6},"o":{"a":0,"k":100,"ix":7},"sk":{"a":0,"k":0,"ix":4},"sa":{"a":0,"k":0,"ix":5},"nm":"Transform"}],"nm":"Ellipse 1","np":3,"cix":2,"bm":0,"ix":1,"mn":"ADBE Vector Group","hd":false}],"ip":3,"op":453,"st":3,"bm":0},{"ddd":0,"ind":17,"ty":3,"nm":"Null 3","sr":1,"ks":{"o":{"a":0,"k":0,"ix":11},"r":{"a":0,"k":187,"ix":10},"p":{"a":0,"k":[139.5,82,0],"ix":2,"l":2},"a":{"a":0,"k":[0,0,0],"ix":1,"l":2},"s":{"a":0,"k":[100,100,100],"ix":6,"l":2}},"ao":0,"ip":4,"op":450,"st":0,"bm":0},{"ddd":0,"ind":18,"ty":4,"nm":"figura 13","parent":17,"sr":1,"ks":{"o":{"a":0,"k":100,"ix":11},"r":{"a":1,"k":[{"i":{"x":[0.833],"y":[0.833]},"o":{"x":[0.167],"y":[0.167]},"t":-14,"s":[360]},{"t":41,"s":[0]}],"ix":10},"p":{"a":1,"k":[{"i":{"x":0.15,"y":1},"o":{"x":0.85,"y":0},"t":8,"s":[-0.5,0,0],"to":[0,0,0],"ti":[0,0,0]},{"t":39,"s":[132.125,4.25,0]}],"ix":2,"l":2},"a":{"a":0,"k":[0,0,0],"ix":1,"l":2},"s":{"a":1,"k":[{"i":{"x":[0.15,0.15,0.15],"y":[1,1,1]},"o":{"x":[0.85,0.85,0.85],"y":[0,0,0]},"t":8,"s":[0,0,100]},{"i":{"x":[0.15,0.15,0.15],"y":[1,1,1]},"o":{"x":[0.85,0.85,0.85],"y":[0,0,0]},"t":14,"s":[100,100,100]},{"i":{"x":[0.15,0.15,0.15],"y":[1,1,1]},"o":{"x":[0.85,0.85,0.85],"y":[0,0,0]},"t":33,"s":[100,100,100]},{"t":39,"s":[0,0,100]}],"ix":6,"l":2}},"ao":0,"shapes":[{"ty":"gr","it":[{"ind":0,"ty":"sh","ix":1,"ks":{"a":0,"k":{"i":[[0.073,0.074],[0,0],[0,0],[0.015,0.103],[0.103,-0.015],[0,0],[0,0],[0,0],[0.015,0.103],[0.103,-0.015],[0,0],[0,0],[-0.02,0.071],[0.002,0.076],[0,0],[0,0],[-0.066,0.08],[0.08,0.066],[0,0],[0,0],[0,0],[-0.066,0.08],[0.08,0.066],[0,0],[0,0],[0.026,0.101],[0.101,-0.026],[0,0],[0,0],[0.097,0.038],[0.038,-0.097],[0,0],[0,0],[0,0],[0.097,0.038],[0.038,-0.097],[0,0],[0,0],[-0.009,0.032],[0,0],[0,0],[0.036,0.098],[0.098,-0.036],[0,0],[0,0],[0,0],[0.036,0.098],[0.098,-0.036],[0,0],[0,0],[0.1,0.028],[0.028,-0.1],[0,0],[0,0],[0.082,-0.065],[-0.065,-0.082],[0,0],[0,0],[0,0],[0.082,-0.065],[-0.065,-0.082],[0,0],[0,0],[0.116,-0.067],[0,0],[0,0],[0.103,0.017],[0.017,-0.103],[0,0],[0,0],[0,0],[0,0],[0.103,0.017],[0.017,-0.103],[0,0],[0,0],[0.074,-0.073],[-0.073,-0.074],[0,0],[0,0],[-0.015,-0.103],[-0.103,0.015],[0,0],[0,0],[0,0],[-0.015,-0.103],[-0.103,0.015],[0,0],[0,0],[0.021,-0.075],[0,-0.068],[0,0],[0,0],[0.066,-0.08],[-0.08,-0.066],[0,0],[0,0],[0,0],[0.066,-0.08],[-0.08,-0.066],[0,0],[0,0],[-0.026,-0.101],[-0.101,0.026],[0,0],[0,0],[-0.097,-0.038],[-0.038,0.097],[0,0],[0,0],[0,0],[-0.097,-0.038],[-0.038,0.097],[0,0],[0,0],[-0.167,-0.088],[0,0],[0,0],[-0.036,-0.098],[-0.098,0.036],[0,0],[0,0],[0,0],[-0.036,-0.098],[-0.098,0.036],[0,0],[0,0],[-0.1,-0.028],[-0.028,0.1],[0,0],[0,0],[-0.082,0.065],[0.065,0.082],[0,0],[0,0],[0,0],[-0.082,0.065],[0.065,0.082],[0,0],[0,0],[-0.131,0.079],[0,0],[0,0],[-0.103,-0.017],[-0.017,0.103],[0,0],[0,0],[0,0],[0,0],[-0.103,-0.017],[-0.017,0.103],[0,0],[0,0],[-0.074,0.073]],"o":[[0,0],[0,0],[0.103,-0.015],[-0.015,-0.103],[0,0],[0,0],[0,0],[0.103,-0.015],[-0.015,-0.103],[0,0],[0,0],[0.036,-0.06],[0.021,-0.077],[0,0],[0,0],[0.08,0.066],[0.066,-0.08],[0,0],[0,0],[0,0],[0.08,0.066],[0.066,-0.08],[0,0],[0,0],[0.101,-0.026],[-0.026,-0.101],[0,0],[0,0],[0.038,-0.097],[-0.097,-0.038],[0,0],[0,0],[0,0],[0.038,-0.097],[-0.097,-0.038],[0,0],[0,0],[-0.072,-0.127],[0,0],[0,0],[0.098,-0.036],[-0.036,-0.098],[0,0],[0,0],[0,0],[0.098,-0.036],[-0.036,-0.098],[0,0],[0,0],[0.028,-0.1],[-0.1,-0.028],[0,0],[0,0],[-0.065,-0.082],[-0.082,0.065],[0,0],[0,0],[0,0],[-0.065,-0.082],[-0.082,0.065],[0,0],[0,0],[-0.188,-0.012],[0,0],[0,0],[0.017,-0.103],[-0.103,-0.017],[0,0],[0,0],[0,0],[0,0],[0.017,-0.103],[-0.103,-0.017],[0,0],[0,0],[-0.073,-0.074],[-0.074,0.073],[0,0],[0,0],[-0.103,0.015],[0.015,0.103],[0,0],[0,0],[0,0],[-0.103,0.015],[0.015,0.103],[0,0],[0,0],[-0.039,0.063],[-0.019,0.068],[0,0],[0,0],[-0.08,-0.066],[-0.066,0.08],[0,0],[0,0],[0,0],[-0.08,-0.066],[-0.066,0.08],[0,0],[0,0],[-0.101,0.026],[0.026,0.101],[0,0],[0,0],[-0.038,0.097],[0.097,0.038],[0,0],[0,0],[0,0],[-0.038,0.097],[0.097,0.038],[0,0],[0,0],[0.065,0.125],[0,0],[0,0],[-0.098,0.036],[0.036,0.098],[0,0],[0,0],[0,0],[-0.098,0.036],[0.036,0.098],[0,0],[0,0],[-0.028,0.1],[0.1,0.028],[0,0],[0,0],[0.065,0.082],[0.082,-0.065],[0,0],[0,0],[0,0],[0.065,0.082],[0.082,-0.065],[0,0],[0,0],[0.009,-0.034],[0,0],[0,0],[-0.017,0.103],[0.103,0.017],[0,0],[0,0],[0,0],[0,0],[-0.017,0.103],[0.103,0.017],[0,0],[0,0],[0.073,0.074],[0.074,-0.073]],"v":[[8.803,11.825],[8.172,11.183],[8.968,11.066],[9.125,10.854],[8.913,10.692],[7.845,10.85],[7.286,10.281],[8.664,10.078],[8.821,9.865],[8.61,9.704],[6.959,9.949],[5.929,8.9],[6.014,8.704],[6.042,8.472],[7.468,8.104],[8.757,9.164],[9.022,9.137],[8.997,8.873],[7.919,7.987],[8.692,7.787],[9.526,8.473],[9.791,8.445],[9.766,8.181],[9.143,7.67],[10.015,7.445],[10.15,7.215],[9.92,7.079],[9.049,7.305],[9.346,6.558],[9.24,6.315],[8.995,6.418],[8.597,7.422],[7.825,7.622],[8.338,6.326],[8.232,6.084],[7.987,6.187],[7.373,7.738],[5.972,8.117],[5.69,7.82],[6.086,6.389],[7.619,5.794],[7.713,5.547],[7.494,5.443],[6.211,5.939],[6.424,5.171],[7.405,4.783],[7.498,4.535],[7.28,4.431],[6.549,4.721],[6.789,3.854],[6.662,3.623],[6.434,3.755],[6.193,4.623],[5.66,3.982],[5.38,3.948],[5.372,4.219],[6.069,5.072],[5.856,5.841],[4.956,4.739],[4.676,4.705],[4.668,4.976],[5.731,6.29],[5.331,7.732],[4.904,7.826],[3.837,6.756],[4.098,5.109],[3.934,4.894],[3.717,5.046],[3.49,6.418],[3.305,6.23],[2.93,5.849],[3.104,4.786],[2.945,4.572],[2.731,4.725],[2.603,5.516],[1.972,4.874],[1.705,4.872],[1.703,5.139],[2.334,5.781],[1.535,5.9],[1.376,6.115],[1.59,6.273],[2.661,6.113],[3.22,6.682],[1.838,6.889],[1.679,7.103],[1.894,7.262],[3.547,7.015],[4.591,8.077],[4.499,8.284],[4.471,8.489],[3.032,8.861],[1.744,7.804],[1.48,7.835],[1.504,8.097],[2.581,8.978],[1.808,9.178],[0.975,8.495],[0.711,8.526],[0.735,8.788],[1.357,9.295],[0.485,9.52],[0.35,9.75],[0.58,9.885],[1.451,9.66],[1.155,10.412],[1.262,10.656],[1.506,10.55],[1.903,9.543],[2.675,9.343],[2.163,10.643],[2.27,10.888],[2.514,10.782],[3.127,9.227],[4.601,8.867],[4.928,9.186],[4.533,10.611],[2.937,11.188],[2.816,11.428],[3.083,11.545],[4.408,11.061],[4.195,11.829],[3.151,12.2],[3.03,12.44],[3.297,12.557],[4.071,12.279],[3.83,13.146],[3.957,13.377],[4.186,13.245],[4.426,12.377],[4.899,13.001],[5.148,13.027],[5.202,12.768],[4.551,11.928],[4.764,11.159],[5.603,12.244],[5.853,12.27],[5.906,12.011],[4.888,10.71],[5.281,9.295],[5.692,9.175],[6.705,10.217],[6.423,11.862],[6.576,12.077],[6.79,11.922],[7.018,10.546],[7.085,10.615],[7.576,11.115],[7.399,12.18],[7.556,12.396],[7.772,12.242],[7.903,11.447],[8.534,12.089],[8.801,12.092]],"c":true},"ix":2},"nm":"Path 1","mn":"ADBE Vector Shape - Group","hd":false},{"ty":"fl","c":{"a":0,"k":[0.929411764706,0.929411764706,0.929411764706,1],"ix":4},"o":{"a":0,"k":100,"ix":5},"r":1,"bm":0,"nm":"Fill 1","mn":"ADBE Vector Graphic - Fill","hd":false},{"ty":"tr","p":{"a":0,"k":[-5.25,-8.5],"ix":2},"a":{"a":0,"k":[0,0],"ix":1},"s":{"a":0,"k":[100,100],"ix":3},"r":{"a":0,"k":0,"ix":6},"o":{"a":0,"k":100,"ix":7},"sk":{"a":0,"k":0,"ix":4},"sa":{"a":0,"k":0,"ix":5},"nm":"Transform"}],"nm":"Ellipse 1","np":3,"cix":2,"bm":0,"ix":1,"mn":"ADBE Vector Group","hd":false}],"ip":4,"op":454,"st":4,"bm":0},{"ddd":0,"ind":19,"ty":3,"nm":"Null 3","sr":1,"ks":{"o":{"a":0,"k":0,"ix":11},"r":{"a":0,"k":-29,"ix":10},"p":{"a":0,"k":[139.5,82,0],"ix":2,"l":2},"a":{"a":0,"k":[0,0,0],"ix":1,"l":2},"s":{"a":0,"k":[100,100,100],"ix":6,"l":2}},"ao":0,"ip":5,"op":451,"st":1,"bm":0},{"ddd":0,"ind":20,"ty":4,"nm":"figura 4","parent":19,"sr":1,"ks":{"o":{"a":0,"k":100,"ix":11},"r":{"a":1,"k":[{"i":{"x":[0.833],"y":[0.833]},"o":{"x":[0.167],"y":[0.167]},"t":-13,"s":[360]},{"t":42,"s":[0]}],"ix":10},"p":{"a":1,"k":[{"i":{"x":0.15,"y":1},"o":{"x":0.85,"y":0},"t":9,"s":[-0.5,0,0],"to":[0,0,0],"ti":[0,0,0]},{"t":40,"s":[132.125,4.25,0]}],"ix":2,"l":2},"a":{"a":0,"k":[0,0,0],"ix":1,"l":2},"s":{"a":1,"k":[{"i":{"x":[0.15,0.15,0.15],"y":[1,1,1]},"o":{"x":[0.85,0.85,0.85],"y":[0,0,0]},"t":9,"s":[0,0,100]},{"i":{"x":[0.15,0.15,0.15],"y":[1,1,1]},"o":{"x":[0.85,0.85,0.85],"y":[0,0,0]},"t":15,"s":[100,100,100]},{"i":{"x":[0.15,0.15,0.15],"y":[1,1,1]},"o":{"x":[0.85,0.85,0.85],"y":[0,0,0]},"t":34,"s":[100,100,100]},{"t":40,"s":[0,0,100]}],"ix":6,"l":2}},"ao":0,"shapes":[{"ty":"gr","it":[{"ind":0,"ty":"sh","ix":1,"ks":{"a":0,"k":{"i":[[0.073,0.074],[0,0],[0,0],[0.015,0.103],[0.103,-0.015],[0,0],[0,0],[0,0],[0.015,0.103],[0.103,-0.015],[0,0],[0,0],[-0.02,0.071],[0.002,0.076],[0,0],[0,0],[-0.066,0.08],[0.08,0.066],[0,0],[0,0],[0,0],[-0.066,0.08],[0.08,0.066],[0,0],[0,0],[0.026,0.101],[0.101,-0.026],[0,0],[0,0],[0.097,0.038],[0.038,-0.097],[0,0],[0,0],[0,0],[0.097,0.038],[0.038,-0.097],[0,0],[0,0],[-0.009,0.032],[0,0],[0,0],[0.036,0.098],[0.098,-0.036],[0,0],[0,0],[0,0],[0.036,0.098],[0.098,-0.036],[0,0],[0,0],[0.1,0.028],[0.028,-0.1],[0,0],[0,0],[0.082,-0.065],[-0.065,-0.082],[0,0],[0,0],[0,0],[0.082,-0.065],[-0.065,-0.082],[0,0],[0,0],[0.116,-0.067],[0,0],[0,0],[0.103,0.017],[0.017,-0.103],[0,0],[0,0],[0,0],[0,0],[0.103,0.017],[0.017,-0.103],[0,0],[0,0],[0.074,-0.073],[-0.073,-0.074],[0,0],[0,0],[-0.015,-0.103],[-0.103,0.015],[0,0],[0,0],[0,0],[-0.015,-0.103],[-0.103,0.015],[0,0],[0,0],[0.021,-0.075],[0,-0.068],[0,0],[0,0],[0.066,-0.08],[-0.08,-0.066],[0,0],[0,0],[0,0],[0.066,-0.08],[-0.08,-0.066],[0,0],[0,0],[-0.026,-0.101],[-0.101,0.026],[0,0],[0,0],[-0.097,-0.038],[-0.038,0.097],[0,0],[0,0],[0,0],[-0.097,-0.038],[-0.038,0.097],[0,0],[0,0],[-0.167,-0.088],[0,0],[0,0],[-0.036,-0.098],[-0.098,0.036],[0,0],[0,0],[0,0],[-0.036,-0.098],[-0.098,0.036],[0,0],[0,0],[-0.1,-0.028],[-0.028,0.1],[0,0],[0,0],[-0.082,0.065],[0.065,0.082],[0,0],[0,0],[0,0],[-0.082,0.065],[0.065,0.082],[0,0],[0,0],[-0.131,0.079],[0,0],[0,0],[-0.103,-0.017],[-0.017,0.103],[0,0],[0,0],[0,0],[0,0],[-0.103,-0.017],[-0.017,0.103],[0,0],[0,0],[-0.074,0.073]],"o":[[0,0],[0,0],[0.103,-0.015],[-0.015,-0.103],[0,0],[0,0],[0,0],[0.103,-0.015],[-0.015,-0.103],[0,0],[0,0],[0.036,-0.06],[0.021,-0.077],[0,0],[0,0],[0.08,0.066],[0.066,-0.08],[0,0],[0,0],[0,0],[0.08,0.066],[0.066,-0.08],[0,0],[0,0],[0.101,-0.026],[-0.026,-0.101],[0,0],[0,0],[0.038,-0.097],[-0.097,-0.038],[0,0],[0,0],[0,0],[0.038,-0.097],[-0.097,-0.038],[0,0],[0,0],[-0.072,-0.127],[0,0],[0,0],[0.098,-0.036],[-0.036,-0.098],[0,0],[0,0],[0,0],[0.098,-0.036],[-0.036,-0.098],[0,0],[0,0],[0.028,-0.1],[-0.1,-0.028],[0,0],[0,0],[-0.065,-0.082],[-0.082,0.065],[0,0],[0,0],[0,0],[-0.065,-0.082],[-0.082,0.065],[0,0],[0,0],[-0.188,-0.012],[0,0],[0,0],[0.017,-0.103],[-0.103,-0.017],[0,0],[0,0],[0,0],[0,0],[0.017,-0.103],[-0.103,-0.017],[0,0],[0,0],[-0.073,-0.074],[-0.074,0.073],[0,0],[0,0],[-0.103,0.015],[0.015,0.103],[0,0],[0,0],[0,0],[-0.103,0.015],[0.015,0.103],[0,0],[0,0],[-0.039,0.063],[-0.019,0.068],[0,0],[0,0],[-0.08,-0.066],[-0.066,0.08],[0,0],[0,0],[0,0],[-0.08,-0.066],[-0.066,0.08],[0,0],[0,0],[-0.101,0.026],[0.026,0.101],[0,0],[0,0],[-0.038,0.097],[0.097,0.038],[0,0],[0,0],[0,0],[-0.038,0.097],[0.097,0.038],[0,0],[0,0],[0.065,0.125],[0,0],[0,0],[-0.098,0.036],[0.036,0.098],[0,0],[0,0],[0,0],[-0.098,0.036],[0.036,0.098],[0,0],[0,0],[-0.028,0.1],[0.1,0.028],[0,0],[0,0],[0.065,0.082],[0.082,-0.065],[0,0],[0,0],[0,0],[0.065,0.082],[0.082,-0.065],[0,0],[0,0],[0.009,-0.034],[0,0],[0,0],[-0.017,0.103],[0.103,0.017],[0,0],[0,0],[0,0],[0,0],[-0.017,0.103],[0.103,0.017],[0,0],[0,0],[0.073,0.074],[0.074,-0.073]],"v":[[8.803,11.825],[8.172,11.183],[8.968,11.066],[9.125,10.854],[8.913,10.692],[7.845,10.85],[7.286,10.281],[8.664,10.078],[8.821,9.865],[8.61,9.704],[6.959,9.949],[5.929,8.9],[6.014,8.704],[6.042,8.472],[7.468,8.104],[8.757,9.164],[9.022,9.137],[8.997,8.873],[7.919,7.987],[8.692,7.787],[9.526,8.473],[9.791,8.445],[9.766,8.181],[9.143,7.67],[10.015,7.445],[10.15,7.215],[9.92,7.079],[9.049,7.305],[9.346,6.558],[9.24,6.315],[8.995,6.418],[8.597,7.422],[7.825,7.622],[8.338,6.326],[8.232,6.084],[7.987,6.187],[7.373,7.738],[5.972,8.117],[5.69,7.82],[6.086,6.389],[7.619,5.794],[7.713,5.547],[7.494,5.443],[6.211,5.939],[6.424,5.171],[7.405,4.783],[7.498,4.535],[7.28,4.431],[6.549,4.721],[6.789,3.854],[6.662,3.623],[6.434,3.755],[6.193,4.623],[5.66,3.982],[5.38,3.948],[5.372,4.219],[6.069,5.072],[5.856,5.841],[4.956,4.739],[4.676,4.705],[4.668,4.976],[5.731,6.29],[5.331,7.732],[4.904,7.826],[3.837,6.756],[4.098,5.109],[3.934,4.894],[3.717,5.046],[3.49,6.418],[3.305,6.23],[2.93,5.849],[3.104,4.786],[2.945,4.572],[2.731,4.725],[2.603,5.516],[1.972,4.874],[1.705,4.872],[1.703,5.139],[2.334,5.781],[1.535,5.9],[1.376,6.115],[1.59,6.273],[2.661,6.113],[3.22,6.682],[1.838,6.889],[1.679,7.103],[1.894,7.262],[3.547,7.015],[4.591,8.077],[4.499,8.284],[4.471,8.489],[3.032,8.861],[1.744,7.804],[1.48,7.835],[1.504,8.097],[2.581,8.978],[1.808,9.178],[0.975,8.495],[0.711,8.526],[0.735,8.788],[1.357,9.295],[0.485,9.52],[0.35,9.75],[0.58,9.885],[1.451,9.66],[1.155,10.412],[1.262,10.656],[1.506,10.55],[1.903,9.543],[2.675,9.343],[2.163,10.643],[2.27,10.888],[2.514,10.782],[3.127,9.227],[4.601,8.867],[4.928,9.186],[4.533,10.611],[2.937,11.188],[2.816,11.428],[3.083,11.545],[4.408,11.061],[4.195,11.829],[3.151,12.2],[3.03,12.44],[3.297,12.557],[4.071,12.279],[3.83,13.146],[3.957,13.377],[4.186,13.245],[4.426,12.377],[4.899,13.001],[5.148,13.027],[5.202,12.768],[4.551,11.928],[4.764,11.159],[5.603,12.244],[5.853,12.27],[5.906,12.011],[4.888,10.71],[5.281,9.295],[5.692,9.175],[6.705,10.217],[6.423,11.862],[6.576,12.077],[6.79,11.922],[7.018,10.546],[7.085,10.615],[7.576,11.115],[7.399,12.18],[7.556,12.396],[7.772,12.242],[7.903,11.447],[8.534,12.089],[8.801,12.092]],"c":true},"ix":2},"nm":"Path 1","mn":"ADBE Vector Shape - Group","hd":false},{"ty":"fl","c":{"a":0,"k":[0.929411764706,0.929411764706,0.929411764706,1],"ix":4},"o":{"a":0,"k":100,"ix":5},"r":1,"bm":0,"nm":"Fill 1","mn":"ADBE Vector Graphic - Fill","hd":false},{"ty":"tr","p":{"a":0,"k":[-5.25,-8.5],"ix":2},"a":{"a":0,"k":[0,0],"ix":1},"s":{"a":0,"k":[100,100],"ix":3},"r":{"a":0,"k":0,"ix":6},"o":{"a":0,"k":100,"ix":7},"sk":{"a":0,"k":0,"ix":4},"sa":{"a":0,"k":0,"ix":5},"nm":"Transform"}],"nm":"Ellipse 1","np":3,"cix":2,"bm":0,"ix":1,"mn":"ADBE Vector Group","hd":false}],"ip":5,"op":455,"st":5,"bm":0},{"ddd":0,"ind":21,"ty":3,"nm":"Null 3","sr":1,"ks":{"o":{"a":0,"k":0,"ix":11},"r":{"a":0,"k":160,"ix":10},"p":{"a":0,"k":[139.5,82,0],"ix":2,"l":2},"a":{"a":0,"k":[0,0,0],"ix":1,"l":2},"s":{"a":0,"k":[100,100,100],"ix":6,"l":2}},"ao":0,"ip":1,"op":447,"st":-3,"bm":0},{"ddd":0,"ind":22,"ty":4,"nm":"figura 3","parent":21,"sr":1,"ks":{"o":{"a":0,"k":100,"ix":11},"r":{"a":1,"k":[{"i":{"x":[0.833],"y":[0.833]},"o":{"x":[0.167],"y":[0.167]},"t":-17,"s":[360]},{"t":38,"s":[0]}],"ix":10},"p":{"a":1,"k":[{"i":{"x":0.15,"y":1},"o":{"x":0.85,"y":0},"t":5,"s":[-0.5,0,0],"to":[0,0,0],"ti":[0,0,0]},{"t":36,"s":[102.125,4.25,0]}],"ix":2,"l":2},"a":{"a":0,"k":[0,0,0],"ix":1,"l":2},"s":{"a":1,"k":[{"i":{"x":[0.15,0.15,0.15],"y":[1,1,1]},"o":{"x":[0.85,0.85,0.85],"y":[0,0,0]},"t":5,"s":[0,0,100]},{"i":{"x":[0.15,0.15,0.15],"y":[1,1,1]},"o":{"x":[0.85,0.85,0.85],"y":[0,0,0]},"t":11,"s":[100,100,100]},{"i":{"x":[0.15,0.15,0.15],"y":[1,1,1]},"o":{"x":[0.85,0.85,0.85],"y":[0,0,0]},"t":30,"s":[100,100,100]},{"t":36,"s":[0,0,100]}],"ix":6,"l":2}},"ao":0,"shapes":[{"ty":"gr","it":[{"ind":0,"ty":"sh","ix":1,"ks":{"a":0,"k":{"i":[[0.187,0.103],[0,0],[0,0],[0.091,0.193],[0.193,-0.091],[0,0],[0,0],[0,0],[0.091,0.193],[0.193,-0.091],[0,0],[0,0],[0.003,0.151],[0.049,0.149],[0,0],[0,0],[-0.083,0.197],[0.197,0.083],[0,0],[0,0],[0,0],[-0.083,0.197],[0.197,0.083],[0,0],[0,0],[0.11,0.183],[0.183,-0.11],[0,0],[0,0],[0.212,0.018],[0.018,-0.213],[0,0],[0,0],[0,0],[0.212,0.018],[0.018,-0.213],[0,0],[0,0],[0.001,0.069],[0,0],[0,0],[0.129,0.17],[0.17,-0.129],[0,0],[0,0],[0,0],[0.129,0.17],[0.17,-0.129],[0,0],[0,0],[0.213,-0.004],[-0.004,-0.213],[0,0],[0,0],[0.122,-0.175],[-0.175,-0.122],[0,0],[0,0],[0,0],[0.122,-0.175],[-0.175,-0.122],[0,0],[0,0],[0.188,-0.2],[0,0],[0,0],[0.212,-0.027],[-0.027,-0.212],[0,0],[0,0],[0,0],[0,0],[0.212,-0.027],[-0.027,-0.212],[0,0],[0,0],[0.103,-0.187],[-0.187,-0.103],[0,0],[0,0],[-0.091,-0.193],[-0.193,0.091],[0,0],[0,0],[0,0],[-0.091,-0.193],[-0.193,0.091],[0,0],[0,0],[-0.003,-0.159],[-0.039,-0.133],[0,0],[0,0],[0.083,-0.197],[-0.197,-0.083],[0,0],[0,0],[0,0],[0.083,-0.197],[-0.197,-0.083],[0,0],[0,0],[-0.11,-0.183],[-0.183,0.11],[0,0],[0,0],[-0.213,-0.018],[-0.018,0.213],[0,0],[0,0],[0,0],[-0.213,-0.018],[-0.018,0.213],[0,0],[0,0],[-0.379,-0.074],[0,0],[0,0],[-0.129,-0.17],[-0.17,0.129],[0,0],[0,0],[0,0],[-0.129,-0.17],[-0.17,0.129],[0,0],[0,0],[-0.213,0.004],[0.004,0.213],[0,0],[0,0],[-0.122,0.175],[0.175,0.122],[0,0],[0,0],[0,0],[-0.122,0.175],[0.175,0.122],[0,0],[0,0],[-0.21,0.231],[0,0],[0,0],[-0.212,0.027],[0.027,0.212],[0,0],[0,0],[0,0],[0,0],[-0.212,0.027],[0.027,0.212],[0,0],[0,0],[-0.103,0.187]],"o":[[0,0],[0,0],[0.193,-0.091],[-0.091,-0.193],[0,0],[0,0],[0,0],[0.193,-0.091],[-0.091,-0.193],[0,0],[0,0],[0.036,-0.139],[-0.003,-0.164],[0,0],[0,0],[0.197,0.083],[0.083,-0.197],[0,0],[0,0],[0,0],[0.197,0.083],[0.083,-0.197],[0,0],[0,0],[0.182,-0.11],[-0.11,-0.183],[0,0],[0,0],[0.018,-0.213],[-0.212,-0.018],[0,0],[0,0],[0,0],[0.018,-0.212],[-0.212,-0.018],[0,0],[0,0],[-0.215,-0.208],[0,0],[0,0],[0.17,-0.129],[-0.129,-0.17],[0,0],[0,0],[0,0],[0.17,-0.129],[-0.129,-0.17],[0,0],[0,0],[-0.004,-0.213],[-0.213,0.004],[0,0],[0,0],[-0.175,-0.122],[-0.122,0.175],[0,0],[0,0],[0,0],[-0.175,-0.122],[-0.122,0.175],[0,0],[0,0],[-0.376,0.086],[0,0],[0,0],[-0.027,-0.212],[-0.212,0.027],[0,0],[0,0],[0,0],[0,0],[-0.027,-0.212],[-0.212,0.027],[0,0],[0,0],[-0.187,-0.103],[-0.103,0.187],[0,0],[0,0],[-0.193,0.091],[0.091,0.193],[0,0],[0,0],[0,0],[-0.193,0.091],[0.091,0.193],[0,0],[0,0],[-0.04,0.146],[0.003,0.145],[0,0],[0,0],[-0.197,-0.083],[-0.083,0.197],[0,0],[0,0],[0,0],[-0.197,-0.083],[-0.083,0.197],[0,0],[0,0],[-0.183,0.11],[0.11,0.183],[0,0],[0,0],[-0.018,0.213],[0.213,0.018],[0,0],[0,0],[0,0],[-0.018,0.213],[0.213,0.018],[0,0],[0,0],[0.2,0.206],[0,0],[0,0],[-0.17,0.129],[0.129,0.17],[0,0],[0,0],[0,0],[-0.17,0.129],[0.129,0.17],[0,0],[0,0],[0.004,0.213],[0.213,-0.004],[0,0],[0,0],[0.175,0.122],[0.122,-0.175],[0,0],[0,0],[0,0],[0.175,0.122],[0.122,-0.175],[0,0],[0,0],[-0.001,-0.072],[0,0],[0,0],[0.027,0.212],[0.212,-0.027],[0,0],[0,0],[0,0],[0,0],[0.027,0.212],[0.212,-0.027],[0,0],[0,0],[0.187,0.103],[0.103,-0.187]],"v":[[14.175,12.973],[12.56,12.083],[14.053,11.388],[14.237,10.879],[13.726,10.687],[11.724,11.623],[10.293,10.835],[12.878,9.627],[13.062,9.117],[12.551,8.926],[9.457,10.374],[6.821,8.922],[6.873,8.487],[6.793,8.016],[9.373,6.456],[12.524,7.781],[13.028,7.571],[12.823,7.068],[10.19,5.962],[11.588,5.117],[13.627,5.974],[14.131,5.764],[13.927,5.261],[12.405,4.624],[13.983,3.67],[14.113,3.14],[13.583,3.009],[12.005,3.963],[12.15,2.322],[11.8,1.909],[11.379,2.255],[11.188,4.456],[9.79,5.301],[10.037,2.459],[9.687,2.046],[9.266,2.392],[8.973,5.795],[6.446,7.36],[5.719,6.942],[5.657,3.903],[8.316,1.838],[8.353,1.297],[7.863,1.222],[5.638,2.948],[5.605,1.315],[7.302,-0.021],[7.34,-0.562],[6.85,-0.637],[5.586,0.361],[5.549,-1.482],[5.164,-1.861],[4.794,-1.467],[4.831,0.376],[3.409,-0.568],[2.84,-0.471],[2.984,0.065],[4.85,1.33],[4.883,2.963],[2.471,1.33],[1.902,1.427],[2.046,1.964],[4.902,3.918],[4.964,6.98],[4.18,7.417],[1.46,5.943],[1.006,2.559],[0.558,2.234],[0.221,2.659],[0.582,5.484],[0.109,5.224],[-0.851,4.696],[-1.133,2.507],[-1.57,2.182],[-1.901,2.607],[-1.688,4.235],[-3.302,3.345],[-3.827,3.497],[-3.675,4.022],[-2.06,4.911],[-3.558,5.615],[-3.743,6.128],[-3.23,6.314],[-1.224,5.372],[0.207,6.16],[-2.383,7.376],[-2.568,7.89],[-2.055,8.075],[1.043,6.621],[3.714,8.092],[3.656,8.552],[3.721,8.97],[1.116,10.545],[-2.031,9.226],[-2.531,9.442],[-2.329,9.941],[0.299,11.039],[-1.098,11.884],[-3.134,11.033],[-3.634,11.249],[-3.432,11.748],[-1.916,12.378],[-3.493,13.331],[-3.624,13.862],[-3.094,13.992],[-1.516,13.039],[-1.656,14.687],[-1.304,15.105],[-0.886,14.752],[-0.699,12.545],[0.699,11.7],[0.457,14.55],[0.809,14.968],[1.227,14.616],[1.516,11.206],[4.198,9.636],[5.026,10.07],[5.087,13.097],[2.294,15.165],[2.198,15.707],[2.79,15.78],[5.106,14.052],[5.139,15.685],[3.307,17.024],[3.212,17.566],[3.804,17.639],[5.158,16.639],[5.195,18.482],[5.581,18.861],[5.95,18.467],[5.913,16.624],[7.206,17.571],[7.712,17.475],[7.664,16.937],[5.894,15.67],[5.861,14.037],[8.144,15.672],[8.649,15.577],[8.602,15.038],[5.842,13.082],[5.782,10.077],[6.517,9.6],[9.116,11.05],[9.529,14.442],[9.954,14.773],[10.284,14.344],[9.923,11.511],[10.095,11.606],[11.352,12.299],[11.63,14.494],[12.063,14.825],[12.397,14.396],[12.188,12.76],[13.802,13.649],[14.327,13.497]],"c":true},"ix":2},"nm":"Path 1","mn":"ADBE Vector Shape - Group","hd":false},{"ty":"fl","c":{"a":0,"k":[0.866666666667,0.717647058824,0.541176470588,1],"ix":4},"o":{"a":0,"k":100,"ix":5},"r":1,"bm":0,"nm":"Fill 1","mn":"ADBE Vector Graphic - Fill","hd":false},{"ty":"tr","p":{"a":0,"k":[-5.25,-8.5],"ix":2},"a":{"a":0,"k":[0,0],"ix":1},"s":{"a":0,"k":[100,100],"ix":3},"r":{"a":0,"k":0,"ix":6},"o":{"a":0,"k":100,"ix":7},"sk":{"a":0,"k":0,"ix":4},"sa":{"a":0,"k":0,"ix":5},"nm":"Transform"}],"nm":"Ellipse 1","np":3,"cix":2,"bm":0,"ix":1,"mn":"ADBE Vector Group","hd":false}],"ip":1,"op":451,"st":1,"bm":0},{"ddd":0,"ind":23,"ty":3,"nm":"Null 3","sr":1,"ks":{"o":{"a":0,"k":0,"ix":11},"r":{"a":0,"k":0,"ix":10},"p":{"a":0,"k":[139.5,82,0],"ix":2,"l":2},"a":{"a":0,"k":[0,0,0],"ix":1,"l":2},"s":{"a":0,"k":[100,100,100],"ix":6,"l":2}},"ao":0,"ip":4,"op":450,"st":0,"bm":0},{"ddd":0,"ind":24,"ty":4,"nm":"figura 2","parent":23,"sr":1,"ks":{"o":{"a":0,"k":100,"ix":11},"r":{"a":1,"k":[{"i":{"x":[0.833],"y":[0.833]},"o":{"x":[0.167],"y":[0.167]},"t":4,"s":[360]},{"t":59,"s":[0]}],"ix":10},"p":{"a":1,"k":[{"i":{"x":0.15,"y":1},"o":{"x":0.85,"y":0},"t":8,"s":[-0.5,0,0],"to":[0,0,0],"ti":[0,0,0]},{"t":39,"s":[99.5,0,0]}],"ix":2,"l":2},"a":{"a":0,"k":[-5.25,-8.5,0],"ix":1,"l":2},"s":{"a":1,"k":[{"i":{"x":[0.15,0.15,0.15],"y":[1,1,1]},"o":{"x":[0.85,0.85,0.85],"y":[0,0,0]},"t":8,"s":[0,0,100]},{"i":{"x":[0.15,0.15,0.15],"y":[1,1,1]},"o":{"x":[0.85,0.85,0.85],"y":[0,0,0]},"t":14,"s":[100,100,100]},{"i":{"x":[0.15,0.15,0.15],"y":[1,1,1]},"o":{"x":[0.85,0.85,0.85],"y":[0,0,0]},"t":36,"s":[100,100,100]},{"t":42,"s":[0,0,100]}],"ix":6,"l":2}},"ao":0,"shapes":[{"ty":"gr","it":[{"ind":0,"ty":"sh","ix":1,"ks":{"a":0,"k":{"i":[[0,0],[0,0],[0,0],[0,0],[0,0],[0,0],[0,0],[0,0],[0,0],[0,0]],"o":[[0,0],[0,0],[0,0],[0,0],[0,0],[0,0],[0,0],[0,0],[0,0],[0,0]],"v":[[4.474,9.621],[4.142,15.137],[-0.035,11.518],[-5.384,12.907],[-3.232,7.816],[-6.207,3.158],[-0.7,3.631],[2.811,-0.637],[4.062,4.746],[9.206,6.766]],"c":true},"ix":2},"nm":"Path 1","mn":"ADBE Vector Shape - Group","hd":false},{"ty":"fl","c":{"a":0,"k":[0.76862745098,0.611764705882,0.407843137255,1],"ix":4},"o":{"a":0,"k":100,"ix":5},"r":1,"bm":0,"nm":"Fill 1","mn":"ADBE Vector Graphic - Fill","hd":false},{"ty":"tr","p":{"a":0,"k":[-5.25,-8.5],"ix":2},"a":{"a":0,"k":[0,0],"ix":1},"s":{"a":0,"k":[100,100],"ix":3},"r":{"a":0,"k":0,"ix":6},"o":{"a":0,"k":100,"ix":7},"sk":{"a":0,"k":0,"ix":4},"sa":{"a":0,"k":0,"ix":5},"nm":"Transform"}],"nm":"Ellipse 1","np":3,"cix":2,"bm":0,"ix":1,"mn":"ADBE Vector Group","hd":false}],"ip":4,"op":454,"st":4,"bm":0},{"ddd":0,"ind":25,"ty":3,"nm":"Null 3","sr":1,"ks":{"o":{"a":0,"k":0,"ix":11},"r":{"a":0,"k":198,"ix":10},"p":{"a":0,"k":[139.5,82,0],"ix":2,"l":2},"a":{"a":0,"k":[0,0,0],"ix":1,"l":2},"s":{"a":0,"k":[100,100,100],"ix":6,"l":2}},"ao":0,"ip":5,"op":451,"st":1,"bm":0},{"ddd":0,"ind":26,"ty":4,"nm":"figura","parent":25,"sr":1,"ks":{"o":{"a":0,"k":100,"ix":11},"r":{"a":0,"k":0,"ix":10},"p":{"a":1,"k":[{"i":{"x":0.815,"y":0.572},"o":{"x":1.022,"y":0},"t":9,"s":[-0.5,0,0],"to":[0,0,0],"ti":[0,0,0]},{"i":{"x":0.359,"y":1},"o":{"x":0.116,"y":0.48},"t":26,"s":[90.332,-8.805,0],"to":[0,0,0],"ti":[0,0,0]},{"t":40,"s":[131.5,0,0]}],"ix":2,"l":2},"a":{"a":0,"k":[-5.25,-8.5,0],"ix":1,"l":2},"s":{"a":1,"k":[{"i":{"x":[0.15,0.15,0.15],"y":[1,1,1]},"o":{"x":[0.85,0.85,0.85],"y":[0,0,0]},"t":9,"s":[0,0,100]},{"i":{"x":[0.15,0.15,0.15],"y":[1,1,1]},"o":{"x":[0.85,0.85,0.85],"y":[0,0,0]},"t":15,"s":[100,100,100]},{"i":{"x":[0.15,0.15,0.15],"y":[1,1,1]},"o":{"x":[0.85,0.85,0.85],"y":[0,0,0]},"t":37,"s":[100,100,100]},{"t":43,"s":[0,0,100]}],"ix":6,"l":2}},"ao":0,"hasMask":true,"masksProperties":[{"inv":false,"mode":"f","pt":{"a":0,"k":{"i":[[0,0],[-0.19,-0.51],[0,0],[0,0],[0.16,0],[0.24,-0.29],[0,0],[0,0],[0.54,0.09],[0,0],[0,0],[0.13,0.47],[0,0],[0,0],[0,0],[-0.16,0],[-0.24,0.29],[0,0],[0,0],[-0.54,-0.09],[0,0]],"o":[[-0.43,0.34],[0,0],[0,0],[-0.14,-0.06],[-0.37,0],[0,0],[0,0],[-0.08,-0.54],[0,0],[0,0],[0.39,-0.31],[0,0],[0,0],[0,0],[0.15,0.06],[0.38,0],[0,0],[0,0],[0.08,0.54],[0,0],[0,0]],"v":[[4.475,0.835],[4.075,2.255],[5.235,5.315],[2.195,4.105],[1.735,4.015],[0.775,4.475],[-1.295,7.005],[-1.765,3.775],[-2.805,2.725],[-6.025,2.195],[-3.465,0.175],[-3.035,-1.115],[-3.065,-1.245],[-4.225,-4.305],[-1.195,-3.095],[-0.735,-3.005],[0.235,-3.465],[2.295,-5.995],[2.775,-2.765],[3.805,-1.715],[7.035,-1.195]],"c":true},"ix":1},"o":{"a":0,"k":100,"ix":3},"x":{"a":0,"k":0,"ix":4},"nm":"Mask 1"}],"shapes":[{"ty":"gr","it":[{"ind":0,"ty":"sh","ix":1,"ks":{"a":0,"k":{"i":[[0.07,0.29],[0.29,0.04],[0,0],[0,0],[0.28,0.08],[0.19,-0.23],[0,0],[0,0],[0.21,-0.2],[-0.1,-0.27],[0,0],[0,0],[-0.08,-0.29],[-0.29,-0.05],[0,0],[0,0],[-0.29,-0.08],[-0.19,0.23],[0,0],[0,0],[-0.21,0.21],[0.11,0.27],[0,0],[0,0]],"o":[[-0.08,-0.29],[0,0],[0,0],[-0.05,-0.3],[-0.29,-0.08],[0,0],[0,0],[-0.28,-0.11],[-0.21,0.21],[0,0],[0,0],[-0.23,0.19],[0.07,0.29],[0,0],[0,0],[0.04,0.3],[0.28,0.07],[0,0],[0,0],[0.27,0.11],[0.21,-0.2],[0,0],[0,0],[0.23,-0.18]],"v":[[15.505,5.845],[14.895,5.295],[9.415,4.405],[8.615,-1.085],[8.075,-1.705],[7.295,-1.455],[3.785,2.845],[-1.375,0.795],[-2.175,0.955],[-2.355,1.755],[-0.385,6.945],[-4.735,10.385],[-4.995,11.165],[-4.395,11.715],[1.085,12.605],[1.895,18.095],[2.435,18.715],[3.215,18.465],[6.725,14.165],[11.885,16.215],[12.685,16.045],[12.855,15.255],[10.885,10.065],[15.245,6.615]],"c":true},"ix":2},"nm":"Path 1","mn":"ADBE Vector Shape - Group","hd":false},{"ty":"fl","c":{"a":0,"k":[0.717647058824,0.145098039216,0.125490196078,1],"ix":4},"o":{"a":0,"k":100,"ix":5},"r":1,"bm":0,"nm":"Fill 1","mn":"ADBE Vector Graphic - Fill","hd":false},{"ty":"tr","p":{"a":0,"k":[-5.25,-8.5],"ix":2},"a":{"a":0,"k":[0,0],"ix":1},"s":{"a":0,"k":[100,100],"ix":3},"r":{"a":0,"k":0,"ix":6},"o":{"a":0,"k":100,"ix":7},"sk":{"a":0,"k":0,"ix":4},"sa":{"a":0,"k":0,"ix":5},"nm":"Transform"}],"nm":"Ellipse 1","np":3,"cix":2,"bm":0,"ix":1,"mn":"ADBE Vector Group","hd":false}],"ip":5,"op":455,"st":5,"bm":0},{"ddd":0,"ind":27,"ty":3,"nm":"Null 2","sr":1,"ks":{"o":{"a":0,"k":0,"ix":11},"r":{"a":0,"k":409,"ix":10},"p":{"a":0,"k":[139.5,82,0],"ix":2,"l":2},"a":{"a":0,"k":[0,0,0],"ix":1,"l":2},"s":{"a":0,"k":[100,100,100],"ix":6,"l":2}},"ao":0,"ip":4,"op":454,"st":4,"bm":0},{"ddd":0,"ind":28,"ty":4,"nm":"line 3","parent":27,"sr":1,"ks":{"o":{"a":0,"k":100,"ix":11},"r":{"a":0,"k":0,"ix":10},"p":{"a":1,"k":[{"i":{"x":0.078,"y":1},"o":{"x":0.258,"y":0},"t":4,"s":[0,0.5,0],"to":[0,0,0],"ti":[0,0,0]},{"t":24,"s":[-28,0.5,0]}],"ix":2,"l":2},"a":{"a":0,"k":[0,0.5,0],"ix":1,"l":2},"s":{"a":0,"k":[100,100,100],"ix":6,"l":2}},"ao":0,"shapes":[{"ty":"gr","it":[{"ind":0,"ty":"sh","ix":1,"ks":{"a":0,"k":{"i":[[0,0],[0,0]],"o":[[0,0],[0,0]],"v":[[-17,0.5],[-53.5,0.5]],"c":false},"ix":2},"nm":"Path 1","mn":"ADBE Vector Shape - Group","hd":false},{"ty":"gs","o":{"a":0,"k":100,"ix":9},"w":{"a":0,"k":7,"ix":10},"g":{"p":3,"k":{"a":0,"k":[0,0.718,0.145,0.125,0.5,0.718,0.145,0.125,1,0.718,0.145,0.125,0,1,0.5,0.5,1,0],"ix":8}},"s":{"a":0,"k":[-38,0],"ix":4},"e":{"a":0,"k":[-18,0],"ix":5},"t":1,"lc":1,"lj":1,"ml":4,"ml2":{"a":0,"k":4,"ix":13},"bm":0,"nm":"Gradient Stroke 1","mn":"ADBE Vector Graphic - G-Stroke","hd":false},{"ty":"tr","p":{"a":0,"k":[0,0],"ix":2},"a":{"a":0,"k":[0,0],"ix":1},"s":{"a":0,"k":[100,100],"ix":3},"r":{"a":0,"k":0,"ix":6},"o":{"a":0,"k":100,"ix":7},"sk":{"a":0,"k":0,"ix":4},"sa":{"a":0,"k":0,"ix":5},"nm":"Transform"}],"nm":"Shape 1","np":3,"cix":2,"bm":0,"ix":1,"mn":"ADBE Vector Group","hd":false},{"ty":"tm","s":{"a":1,"k":[{"i":{"x":[0.11],"y":[1]},"o":{"x":[0.167],"y":[0.167]},"t":4,"s":[0]},{"t":14,"s":[100]}],"ix":1},"e":{"a":1,"k":[{"i":{"x":[0.11],"y":[1]},"o":{"x":[0.167],"y":[0.167]},"t":14,"s":[0]},{"t":24,"s":[100]}],"ix":2},"o":{"a":0,"k":0,"ix":3},"m":1,"ix":2,"nm":"Trim Paths 1","mn":"ADBE Vector Filter - Trim","hd":false}],"ip":4,"op":454,"st":4,"bm":0},{"ddd":0,"ind":29,"ty":3,"nm":"Null 2","sr":1,"ks":{"o":{"a":0,"k":0,"ix":11},"r":{"a":0,"k":437,"ix":10},"p":{"a":0,"k":[139.5,82,0],"ix":2,"l":2},"a":{"a":0,"k":[0,0,0],"ix":1,"l":2},"s":{"a":0,"k":[100,100,100],"ix":6,"l":2}},"ao":0,"ip":3,"op":453,"st":3,"bm":0},{"ddd":0,"ind":30,"ty":4,"nm":"line 6","parent":29,"sr":1,"ks":{"o":{"a":0,"k":100,"ix":11},"r":{"a":0,"k":0,"ix":10},"p":{"a":1,"k":[{"i":{"x":0,"y":1},"o":{"x":0.156,"y":0},"t":3,"s":[0,0.5,0],"to":[0,0,0],"ti":[0,0,0]},{"t":23,"s":[-28,0.5,0]}],"ix":2,"l":2},"a":{"a":0,"k":[0,0.5,0],"ix":1,"l":2},"s":{"a":0,"k":[100,100,100],"ix":6,"l":2}},"ao":0,"shapes":[{"ty":"gr","it":[{"ind":0,"ty":"sh","ix":1,"ks":{"a":0,"k":{"i":[[0,0],[0,0]],"o":[[0,0],[0,0]],"v":[[-17,0.5],[-53.5,0.5]],"c":false},"ix":2},"nm":"Path 1","mn":"ADBE Vector Shape - Group","hd":false},{"ty":"gs","o":{"a":0,"k":100,"ix":9},"w":{"a":0,"k":2,"ix":10},"g":{"p":3,"k":{"a":0,"k":[0,0.882,0.882,0.882,0.5,0.882,0.882,0.882,1,0.882,0.882,0.882,0,1,0.5,0.5,1,0],"ix":8}},"s":{"a":0,"k":[-38,0],"ix":4},"e":{"a":0,"k":[-18,0],"ix":5},"t":1,"lc":1,"lj":1,"ml":4,"ml2":{"a":0,"k":4,"ix":13},"bm":0,"nm":"Gradient Stroke 1","mn":"ADBE Vector Graphic - G-Stroke","hd":false},{"ty":"tr","p":{"a":0,"k":[0,0],"ix":2},"a":{"a":0,"k":[0,0],"ix":1},"s":{"a":0,"k":[100,100],"ix":3},"r":{"a":0,"k":0,"ix":6},"o":{"a":0,"k":100,"ix":7},"sk":{"a":0,"k":0,"ix":4},"sa":{"a":0,"k":0,"ix":5},"nm":"Transform"}],"nm":"Shape 1","np":3,"cix":2,"bm":0,"ix":1,"mn":"ADBE Vector Group","hd":false},{"ty":"tm","s":{"a":1,"k":[{"i":{"x":[0.11],"y":[1]},"o":{"x":[0.167],"y":[0.167]},"t":3,"s":[0]},{"t":13,"s":[100]}],"ix":1},"e":{"a":1,"k":[{"i":{"x":[0.11],"y":[1]},"o":{"x":[0.167],"y":[0.167]},"t":13,"s":[0]},{"t":23,"s":[100]}],"ix":2},"o":{"a":0,"k":0,"ix":3},"m":1,"ix":2,"nm":"Trim Paths 1","mn":"ADBE Vector Filter - Trim","hd":false}],"ip":3,"op":453,"st":3,"bm":0},{"ddd":0,"ind":31,"ty":3,"nm":"Null 2","sr":1,"ks":{"o":{"a":0,"k":0,"ix":11},"r":{"a":0,"k":302,"ix":10},"p":{"a":0,"k":[139.5,82,0],"ix":2,"l":2},"a":{"a":0,"k":[0,0,0],"ix":1,"l":2},"s":{"a":0,"k":[100,100,100],"ix":6,"l":2}},"ao":0,"ip":3,"op":453,"st":3,"bm":0},{"ddd":0,"ind":32,"ty":4,"nm":"line 5","parent":31,"sr":1,"ks":{"o":{"a":0,"k":100,"ix":11},"r":{"a":0,"k":0,"ix":10},"p":{"a":1,"k":[{"i":{"x":0,"y":1},"o":{"x":0.156,"y":0},"t":3,"s":[0,0.5,0],"to":[0,0,0],"ti":[0,0,0]},{"t":23,"s":[-28,0.5,0]}],"ix":2,"l":2},"a":{"a":0,"k":[0,0.5,0],"ix":1,"l":2},"s":{"a":0,"k":[100,100,100],"ix":6,"l":2}},"ao":0,"shapes":[{"ty":"gr","it":[{"ind":0,"ty":"sh","ix":1,"ks":{"a":0,"k":{"i":[[0,0],[0,0]],"o":[[0,0],[0,0]],"v":[[-17,0.5],[-53.5,0.5]],"c":false},"ix":2},"nm":"Path 1","mn":"ADBE Vector Shape - Group","hd":false},{"ty":"gs","o":{"a":0,"k":100,"ix":9},"w":{"a":0,"k":2,"ix":10},"g":{"p":3,"k":{"a":0,"k":[0,0.718,0.145,0.125,0.5,0.718,0.145,0.125,1,0.718,0.145,0.125,0,1,0.5,0.5,1,0],"ix":8}},"s":{"a":0,"k":[-38,0],"ix":4},"e":{"a":0,"k":[-18,0],"ix":5},"t":1,"lc":1,"lj":1,"ml":4,"ml2":{"a":0,"k":4,"ix":13},"bm":0,"nm":"Gradient Stroke 1","mn":"ADBE Vector Graphic - G-Stroke","hd":false},{"ty":"tr","p":{"a":0,"k":[0,0],"ix":2},"a":{"a":0,"k":[0,0],"ix":1},"s":{"a":0,"k":[100,100],"ix":3},"r":{"a":0,"k":0,"ix":6},"o":{"a":0,"k":100,"ix":7},"sk":{"a":0,"k":0,"ix":4},"sa":{"a":0,"k":0,"ix":5},"nm":"Transform"}],"nm":"Shape 1","np":3,"cix":2,"bm":0,"ix":1,"mn":"ADBE Vector Group","hd":false},{"ty":"tm","s":{"a":1,"k":[{"i":{"x":[0.11],"y":[1]},"o":{"x":[0.167],"y":[0.167]},"t":3,"s":[0]},{"t":13,"s":[100]}],"ix":1},"e":{"a":1,"k":[{"i":{"x":[0.11],"y":[1]},"o":{"x":[0.167],"y":[0.167]},"t":13,"s":[0]},{"t":23,"s":[100]}],"ix":2},"o":{"a":0,"k":0,"ix":3},"m":1,"ix":2,"nm":"Trim Paths 1","mn":"ADBE Vector Filter - Trim","hd":false}],"ip":3,"op":453,"st":3,"bm":0},{"ddd":0,"ind":33,"ty":3,"nm":"Null 2","sr":1,"ks":{"o":{"a":0,"k":0,"ix":11},"r":{"a":0,"k":368,"ix":10},"p":{"a":0,"k":[139.5,82,0],"ix":2,"l":2},"a":{"a":0,"k":[0,0,0],"ix":1,"l":2},"s":{"a":0,"k":[100,100,100],"ix":6,"l":2}},"ao":0,"ip":1,"op":451,"st":1,"bm":0},{"ddd":0,"ind":34,"ty":4,"nm":"line 4","parent":33,"sr":1,"ks":{"o":{"a":0,"k":100,"ix":11},"r":{"a":0,"k":0,"ix":10},"p":{"a":1,"k":[{"i":{"x":0,"y":1},"o":{"x":0.156,"y":0},"t":1,"s":[0,0.5,0],"to":[0,0,0],"ti":[0,0,0]},{"t":21,"s":[-28,0.5,0]}],"ix":2,"l":2},"a":{"a":0,"k":[0,0.5,0],"ix":1,"l":2},"s":{"a":0,"k":[100,100,100],"ix":6,"l":2}},"ao":0,"shapes":[{"ty":"gr","it":[{"ind":0,"ty":"sh","ix":1,"ks":{"a":0,"k":{"i":[[0,0],[0,0]],"o":[[0,0],[0,0]],"v":[[-17,0.5],[-53.5,0.5]],"c":false},"ix":2},"nm":"Path 1","mn":"ADBE Vector Shape - Group","hd":false},{"ty":"gs","o":{"a":0,"k":100,"ix":9},"w":{"a":0,"k":3,"ix":10},"g":{"p":3,"k":{"a":0,"k":[0,0.769,0.612,0.408,0.5,0.769,0.612,0.408,1,0.769,0.612,0.408,0,1,0.5,0.5,1,0],"ix":8}},"s":{"a":0,"k":[-38,0],"ix":4},"e":{"a":0,"k":[-18,0],"ix":5},"t":1,"lc":1,"lj":1,"ml":4,"ml2":{"a":0,"k":4,"ix":13},"bm":0,"nm":"Gradient Stroke 1","mn":"ADBE Vector Graphic - G-Stroke","hd":false},{"ty":"tr","p":{"a":0,"k":[0,0],"ix":2},"a":{"a":0,"k":[0,0],"ix":1},"s":{"a":0,"k":[100,100],"ix":3},"r":{"a":0,"k":0,"ix":6},"o":{"a":0,"k":100,"ix":7},"sk":{"a":0,"k":0,"ix":4},"sa":{"a":0,"k":0,"ix":5},"nm":"Transform"}],"nm":"Shape 1","np":3,"cix":2,"bm":0,"ix":1,"mn":"ADBE Vector Group","hd":false},{"ty":"tm","s":{"a":1,"k":[{"i":{"x":[0.11],"y":[1]},"o":{"x":[0.167],"y":[0.167]},"t":1,"s":[0]},{"t":11,"s":[100]}],"ix":1},"e":{"a":1,"k":[{"i":{"x":[0.11],"y":[1]},"o":{"x":[0.167],"y":[0.167]},"t":11,"s":[0]},{"t":21,"s":[100]}],"ix":2},"o":{"a":0,"k":0,"ix":3},"m":1,"ix":2,"nm":"Trim Paths 1","mn":"ADBE Vector Filter - Trim","hd":false}],"ip":1,"op":451,"st":1,"bm":0},{"ddd":0,"ind":35,"ty":3,"nm":"Null 2","sr":1,"ks":{"o":{"a":0,"k":0,"ix":11},"r":{"a":0,"k":248,"ix":10},"p":{"a":0,"k":[139.5,82,0],"ix":2,"l":2},"a":{"a":0,"k":[0,0,0],"ix":1,"l":2},"s":{"a":0,"k":[100,100,100],"ix":6,"l":2}},"ao":0,"ip":2,"op":452,"st":2,"bm":0},{"ddd":0,"ind":36,"ty":4,"nm":"line 2","parent":35,"sr":1,"ks":{"o":{"a":0,"k":100,"ix":11},"r":{"a":0,"k":0,"ix":10},"p":{"a":1,"k":[{"i":{"x":0,"y":1},"o":{"x":0.156,"y":0},"t":2,"s":[0,0.5,0],"to":[0,0,0],"ti":[0,0,0]},{"t":22,"s":[-28,0.5,0]}],"ix":2,"l":2},"a":{"a":0,"k":[0,0.5,0],"ix":1,"l":2},"s":{"a":0,"k":[100,100,100],"ix":6,"l":2}},"ao":0,"shapes":[{"ty":"gr","it":[{"ind":0,"ty":"sh","ix":1,"ks":{"a":0,"k":{"i":[[0,0],[0,0]],"o":[[0,0],[0,0]],"v":[[-17,0.5],[-53.5,0.5]],"c":false},"ix":2},"nm":"Path 1","mn":"ADBE Vector Shape - Group","hd":false},{"ty":"gs","o":{"a":0,"k":100,"ix":9},"w":{"a":0,"k":5,"ix":10},"g":{"p":3,"k":{"a":0,"k":[0,0.886,0.886,0.886,0.5,0.886,0.886,0.886,1,0.886,0.886,0.886,0,1,0.5,0.5,1,0],"ix":8}},"s":{"a":0,"k":[-38,0],"ix":4},"e":{"a":0,"k":[-18,0],"ix":5},"t":1,"lc":1,"lj":1,"ml":4,"ml2":{"a":0,"k":4,"ix":13},"bm":0,"nm":"Gradient Stroke 1","mn":"ADBE Vector Graphic - G-Stroke","hd":false},{"ty":"tr","p":{"a":0,"k":[0,0],"ix":2},"a":{"a":0,"k":[0,0],"ix":1},"s":{"a":0,"k":[100,100],"ix":3},"r":{"a":0,"k":0,"ix":6},"o":{"a":0,"k":100,"ix":7},"sk":{"a":0,"k":0,"ix":4},"sa":{"a":0,"k":0,"ix":5},"nm":"Transform"}],"nm":"Shape 1","np":3,"cix":2,"bm":0,"ix":1,"mn":"ADBE Vector Group","hd":false},{"ty":"tm","s":{"a":1,"k":[{"i":{"x":[0.11],"y":[1]},"o":{"x":[0.167],"y":[0.167]},"t":2,"s":[0]},{"t":12,"s":[100]}],"ix":1},"e":{"a":1,"k":[{"i":{"x":[0.11],"y":[1]},"o":{"x":[0.167],"y":[0.167]},"t":12,"s":[0]},{"t":22,"s":[100]}],"ix":2},"o":{"a":0,"k":0,"ix":3},"m":1,"ix":2,"nm":"Trim Paths 1","mn":"ADBE Vector Filter - Trim","hd":false}],"ip":2,"op":452,"st":2,"bm":0},{"ddd":0,"ind":37,"ty":3,"nm":"Null 2","sr":1,"ks":{"o":{"a":0,"k":0,"ix":11},"r":{"a":0,"k":9,"ix":10},"p":{"a":0,"k":[139.5,82,0],"ix":2,"l":2},"a":{"a":0,"k":[0,0,0],"ix":1,"l":2},"s":{"a":0,"k":[100,100,100],"ix":6,"l":2}},"ao":0,"ip":4,"op":454,"st":4,"bm":0},{"ddd":0,"ind":38,"ty":4,"nm":"line","parent":37,"sr":1,"ks":{"o":{"a":0,"k":100,"ix":11},"r":{"a":0,"k":0,"ix":10},"p":{"a":1,"k":[{"i":{"x":0,"y":1},"o":{"x":0.15,"y":0},"t":4,"s":[0,0.5,0],"to":[0,0,0],"ti":[0,0,0]},{"t":24,"s":[-80,0.5,0]}],"ix":2,"l":2},"a":{"a":0,"k":[0,0.5,0],"ix":1,"l":2},"s":{"a":0,"k":[100,100,100],"ix":6,"l":2}},"ao":0,"shapes":[{"ty":"gr","it":[{"ind":0,"ty":"sh","ix":1,"ks":{"a":0,"k":{"i":[[0,0],[0,0]],"o":[[0,0],[0,0]],"v":[[-17,0.5],[-53.5,0.5]],"c":false},"ix":2},"nm":"Path 1","mn":"ADBE Vector Shape - Group","hd":false},{"ty":"tr","p":{"a":0,"k":[0,0],"ix":2},"a":{"a":0,"k":[0,0],"ix":1},"s":{"a":0,"k":[100,100],"ix":3},"r":{"a":0,"k":0,"ix":6},"o":{"a":0,"k":100,"ix":7},"sk":{"a":0,"k":0,"ix":4},"sa":{"a":0,"k":0,"ix":5},"nm":"Transform"}],"nm":"Shape 1","np":3,"cix":2,"bm":0,"ix":1,"mn":"ADBE Vector Group","hd":false},{"ty":"tm","s":{"a":1,"k":[{"i":{"x":[0.11],"y":[1]},"o":{"x":[0.167],"y":[0.167]},"t":4,"s":[0]},{"t":14,"s":[100]}],"ix":1},"e":{"a":1,"k":[{"i":{"x":[0.11],"y":[1]},"o":{"x":[0.167],"y":[0.167]},"t":14,"s":[0]},{"t":24,"s":[100]}],"ix":2},"o":{"a":0,"k":0,"ix":3},"m":1,"ix":2,"nm":"Trim Paths 1","mn":"ADBE Vector Filter - Trim","hd":false}],"ip":4,"op":454,"st":4,"bm":0},{"ddd":0,"ind":39,"ty":3,"nm":"Null 1","sr":1,"ks":{"o":{"a":0,"k":0,"ix":11},"r":{"a":0,"k":323,"ix":10},"p":{"a":0,"k":[139.5,82,0],"ix":2,"l":2},"a":{"a":0,"k":[0,0,0],"ix":1,"l":2},"s":{"a":0,"k":[100,100,100],"ix":6,"l":2}},"ao":0,"ip":0,"op":450,"st":0,"bm":0},{"ddd":0,"ind":40,"ty":4,"nm":"zigzag 3","parent":39,"sr":1,"ks":{"o":{"a":0,"k":100,"ix":11},"r":{"a":0,"k":0,"ix":10},"p":{"a":1,"k":[{"i":{"x":0.11,"y":1},"o":{"x":0.167,"y":0.167},"t":2,"s":[-0.564,-0.15,0],"to":[0,0,0],"ti":[0,0,0]},{"t":42,"s":[42.436,-0.15,0]}],"ix":2,"l":2},"a":{"a":0,"k":[-176.848,-0.882,0],"ix":1,"l":2},"s":{"a":0,"k":[17,17,100],"ix":6,"l":2}},"ao":0,"shapes":[{"ind":0,"ty":"sh","ix":1,"ks":{"a":0,"k":{"i":[[0,0],[0,0],[0,0],[0,0],[0,0],[0,0],[0,0],[0,0],[0,0]],"o":[[0,0],[0,0],[0,0],[0,0],[0,0],[0,0],[0,0],[0,0],[0,0]],"v":[[-174.642,-20],[-130.984,20],[-87.33,-20],[-43.671,20],[-0.012,-20],[43.65,20],[87.31,-20],[130.976,20],[174.642,-20]],"c":false},"ix":2},"nm":"Path 1","mn":"ADBE Vector Shape - Group","hd":false},{"ty":"tm","s":{"a":1,"k":[{"i":{"x":[0.11],"y":[1]},"o":{"x":[0.167],"y":[0.167]},"t":2,"s":[0]},{"t":22,"s":[100]}],"ix":1},"e":{"a":1,"k":[{"i":{"x":[0.11],"y":[1]},"o":{"x":[0.167],"y":[0.167]},"t":22,"s":[0]},{"t":42,"s":[100]}],"ix":2},"o":{"a":0,"k":0,"ix":3},"m":1,"ix":2,"nm":"Trim Paths 1","mn":"ADBE Vector Filter - Trim","hd":false},{"ty":"gs","o":{"a":0,"k":100,"ix":9},"w":{"a":0,"k":30,"ix":10},"g":{"p":3,"k":{"a":0,"k":[0,0.804,0.804,0.804,0.5,0.804,0.804,0.804,1,0.804,0.804,0.804,0,0,0.5,0.5,1,1],"ix":8}},"s":{"a":0,"k":[-174,0],"ix":4},"e":{"a":0,"k":[83,0],"ix":5},"t":1,"lc":1,"lj":1,"ml":4,"ml2":{"a":0,"k":4,"ix":13},"bm":0,"nm":"Gradient Stroke 1","mn":"ADBE Vector Graphic - G-Stroke","hd":false}],"ip":2,"op":450,"st":2,"bm":0},{"ddd":0,"ind":41,"ty":3,"nm":"Null 1","sr":1,"ks":{"o":{"a":0,"k":0,"ix":11},"r":{"a":0,"k":148,"ix":10},"p":{"a":0,"k":[139.5,82,0],"ix":2,"l":2},"a":{"a":0,"k":[0,0,0],"ix":1,"l":2},"s":{"a":0,"k":[100,100,100],"ix":6,"l":2}},"ao":0,"ip":1,"op":451,"st":1,"bm":0},{"ddd":0,"ind":42,"ty":4,"nm":"zigzag 2","parent":41,"sr":1,"ks":{"o":{"a":0,"k":100,"ix":11},"r":{"a":0,"k":0,"ix":10},"p":{"a":1,"k":[{"i":{"x":0.11,"y":1},"o":{"x":0.167,"y":0.167},"t":3,"s":[-0.564,-0.15,0],"to":[0,0,0],"ti":[0,0,0]},{"t":43,"s":[42.436,-0.15,0]}],"ix":2,"l":2},"a":{"a":0,"k":[-176.848,-0.882,0],"ix":1,"l":2},"s":{"a":0,"k":[17,17,100],"ix":6,"l":2}},"ao":0,"shapes":[{"ind":0,"ty":"sh","ix":1,"ks":{"a":0,"k":{"i":[[0,0],[0,0],[0,0],[0,0],[0,0],[0,0],[0,0],[0,0],[0,0]],"o":[[0,0],[0,0],[0,0],[0,0],[0,0],[0,0],[0,0],[0,0],[0,0]],"v":[[-174.642,-20],[-130.984,20],[-87.33,-20],[-43.671,20],[-0.012,-20],[43.65,20],[87.31,-20],[130.976,20],[174.642,-20]],"c":false},"ix":2},"nm":"Path 1","mn":"ADBE Vector Shape - Group","hd":false},{"ty":"tm","s":{"a":1,"k":[{"i":{"x":[0.11],"y":[1]},"o":{"x":[0.167],"y":[0.167]},"t":3,"s":[0]},{"t":23,"s":[100]}],"ix":1},"e":{"a":1,"k":[{"i":{"x":[0.11],"y":[1]},"o":{"x":[0.167],"y":[0.167]},"t":23,"s":[0]},{"t":43,"s":[100]}],"ix":2},"o":{"a":0,"k":0,"ix":3},"m":1,"ix":2,"nm":"Trim Paths 1","mn":"ADBE Vector Filter - Trim","hd":false},{"ty":"gs","o":{"a":0,"k":100,"ix":9},"w":{"a":0,"k":30,"ix":10},"g":{"p":3,"k":{"a":0,"k":[0,0.769,0.612,0.408,0.5,0.769,0.612,0.408,1,0.769,0.612,0.408,0,0,0.5,0.5,1,1],"ix":8}},"s":{"a":0,"k":[-174,0],"ix":4},"e":{"a":0,"k":[83,0],"ix":5},"t":1,"lc":1,"lj":1,"ml":4,"ml2":{"a":0,"k":4,"ix":13},"bm":0,"nm":"Gradient Stroke 1","mn":"ADBE Vector Graphic - G-Stroke","hd":false}],"ip":3,"op":451,"st":3,"bm":0},{"ddd":0,"ind":43,"ty":3,"nm":"Null 1","sr":1,"ks":{"o":{"a":0,"k":0,"ix":11},"r":{"a":0,"k":27,"ix":10},"p":{"a":0,"k":[139.5,82,0],"ix":2,"l":2},"a":{"a":0,"k":[0,0,0],"ix":1,"l":2},"s":{"a":0,"k":[100,100,100],"ix":6,"l":2}},"ao":0,"ip":2,"op":452,"st":2,"bm":0},{"ddd":0,"ind":44,"ty":4,"nm":"zigzag","parent":43,"sr":1,"ks":{"o":{"a":0,"k":100,"ix":11},"r":{"a":0,"k":0,"ix":10},"p":{"a":1,"k":[{"i":{"x":0.11,"y":1},"o":{"x":0.167,"y":0.167},"t":4,"s":[-0.564,-0.15,0],"to":[0,0,0],"ti":[0,0,0]},{"t":44,"s":[66.436,-0.15,0]}],"ix":2,"l":2},"a":{"a":0,"k":[-176.848,-0.882,0],"ix":1,"l":2},"s":{"a":0,"k":[17,17,100],"ix":6,"l":2}},"ao":0,"shapes":[{"ind":0,"ty":"sh","ix":1,"ks":{"a":0,"k":{"i":[[0,0],[0,0],[0,0],[0,0],[0,0],[0,0],[0,0],[0,0],[0,0]],"o":[[0,0],[0,0],[0,0],[0,0],[0,0],[0,0],[0,0],[0,0],[0,0]],"v":[[-174.642,-20],[-130.984,20],[-87.33,-20],[-43.671,20],[-0.012,-20],[43.65,20],[87.31,-20],[130.976,20],[174.642,-20]],"c":false},"ix":2},"nm":"Path 1","mn":"ADBE Vector Shape - Group","hd":false},{"ty":"tm","s":{"a":1,"k":[{"i":{"x":[0.11],"y":[1]},"o":{"x":[0.167],"y":[0.167]},"t":4,"s":[0]},{"t":24,"s":[100]}],"ix":1},"e":{"a":1,"k":[{"i":{"x":[0.11],"y":[1]},"o":{"x":[0.167],"y":[0.167]},"t":24,"s":[0]},{"t":44,"s":[100]}],"ix":2},"o":{"a":0,"k":0,"ix":3},"m":1,"ix":2,"nm":"Trim Paths 1","mn":"ADBE Vector Filter - Trim","hd":false},{"ty":"gs","o":{"a":0,"k":100,"ix":9},"w":{"a":0,"k":30,"ix":10},"g":{"p":3,"k":{"a":0,"k":[0,0.718,0.145,0.125,0.5,0.718,0.145,0.125,1,0.718,0.145,0.125,0,0.12,0.5,0.56,1,1],"ix":8}},"s":{"a":0,"k":[-117,0],"ix":4},"e":{"a":0,"k":[46,0],"ix":5},"t":1,"lc":1,"lj":1,"ml":4,"ml2":{"a":0,"k":4,"ix":13},"bm":0,"nm":"Gradient Stroke 1","mn":"ADBE Vector Graphic - G-Stroke","hd":false}],"ip":4,"op":452,"st":4,"bm":0}],"markers":[]}