{"v":"5.6.6","ip":0,"op":160,"fr":60,"w":94,"h":86,"layers":[{"ind":119,"nm":"surface760","ao":0,"ip":0,"op":264,"st":0,"ty":4,"ks":{"ty":"tr","o":{"k":100},"r":{"k":0},"p":{"k":[0,0]},"a":{"k":[0,0]},"s":{"k":[133.33,133.33]},"sk":{"k":0},"sa":{"k":0}},"shapes":[{"ty":"gr","hd":false,"nm":"surface760","it":[{"ty":"gr","hd":false,"it":[{"ty":"sh","ks":{"k":{"i":[[0,0],[0,-3.31],[-3.31,0],[0,3.31],[3.31,0]],"o":[[-3.31,0],[0,3.31],[3.31,0],[0,-3.31],[0,0]],"v":[[34.5,25.5],[28.5,31.5],[34.5,37.5],[40.5,31.5],[34.5,25.5]],"c":false}}},{"ty":"sh","ks":{"k":{"i":[[0,0],[0,-3.73],[3.73,0],[0,3.73],[-3.73,0]],"o":[[3.73,0],[0,3.73],[-3.73,0],[0,-3.73],[0,0]],"v":[[34.5,24.75],[41.25,31.5],[34.5,38.25],[27.75,31.5],[34.5,24.75]],"c":true}}},{"ty":"fl","o":{"a":1,"k":[{"i":{"x":[0.67],"y":[1]},"o":{"x":[0.33],"y":[0]},"t":59,"s":[0]},{"t":109,"s":[100]}],"ix":5},"c":{"k":[1,1,1,1]}},{"ty":"tr","o":{"k":100},"r":{"k":0},"p":{"k":[0,0]},"a":{"k":[0,0]},"s":{"k":[100,100]},"sk":{"k":0},"sa":{"k":0},"hd":false}]},{"ty":"gr","hd":false,"it":[{"ty":"sh","ks":{"k":{"i":[[0,0],[0,3.52],[-3.52,0],[0,-3.52],[3.52,0]],"o":[[-3.52,0],[0,-3.52],[3.52,0],[0,3.52],[0,0]],"v":[[34.5,37.88],[28.12,31.5],[34.5,25.12],[40.88,31.5],[34.5,37.88]],"c":true}}},{"ty":"gf","s":{"k":[34.5,25.12]},"e":{"k":[34.5,37.88]},"t":1,"h":{"k":0},"a":{"k":0},"g":{"p":2,"k":{"k":[0,0.64,0.64,0.64,1,0,0,0,0,1,1,1]}},"hd":false,"o":{"a":1,"k":[{"i":{"x":[0.67],"y":[1]},"o":{"x":[0.33],"y":[0]},"t":59,"s":[0]},{"t":109,"s":[100]}],"ix":5}},{"ty":"tr","o":{"k":100},"r":{"k":0},"p":{"k":[0,0]},"a":{"k":[0,0]},"s":{"k":[100,100]},"sk":{"k":0},"sa":{"k":0},"hd":false}]},{"ty":"gr","hd":false,"it":[{"ty":"gr","hd":false,"it":[{"ty":"sh","ks":{"k":{"i":[[0,0],[-0.41,-0.98],[0.75,-0.75],[0.98,0.41],[0,1.06],[-1.45,0]],"o":[[1.06,0],[0.41,0.98],[-0.75,0.75],[-0.98,-0.41],[0,-1.45],[0,0]],"v":[[64.88,59.25],[67.3,60.87],[66.73,63.73],[63.87,64.3],[62.25,61.88],[64.88,59.25]],"c":true}}},{"ty":"gf","s":{"k":[64.88,59.25]},"e":{"k":[64.88,64.5]},"t":1,"h":{"k":0},"a":{"k":0},"g":{"p":2,"k":{"k":[0,0.64,0.64,0.64,1,0,0,0,0,1,1,1]}},"hd":false,"o":{"k":100}},{"ty":"tr","o":{"k":100},"r":{"k":0},"p":{"k":[0,0]},"a":{"k":[0,0]},"s":{"k":[100,100]},"sk":{"k":0},"sa":{"k":0},"hd":false}]},{"ty":"tr","o":{"k":100},"r":{"k":0},"p":{"k":[0,0]},"a":{"k":[0,0]},"s":{"k":[100,100]},"sk":{"k":0},"sa":{"k":0},"hd":false}]},{"ty":"gr","hd":false,"it":[{"ty":"sh","ks":{"k":{"i":[[0,0],[-1.86,-4.48],[3.43,-3.43],[4.48,1.86],[0,4.86],[-6.63,0]],"o":[[4.86,0],[1.86,4.48],[-3.43,3.43],[-4.48,-1.86],[0,-6.63],[0,0]],"v":[[34.5,19.5],[45.59,26.91],[42.98,39.98],[29.91,42.59],[22.5,31.5],[34.5,19.5]],"c":true}}},{"ty":"gf","s":{"k":[34.5,19.5]},"e":{"k":[34.5,43.5]},"t":1,"h":{"k":0},"a":{"k":0},"g":{"p":2,"k":{"k":[0,0.64,0.64,0.64,1,0,0,0,0,1,1,1]}},"hd":false,"o":{"a":1,"k":[{"i":{"x":[0.67],"y":[1]},"o":{"x":[0.33],"y":[0]},"t":59,"s":[0]},{"t":109,"s":[100]}],"ix":5}},{"ty":"tr","o":{"k":100},"r":{"k":0},"p":{"k":[0,0]},"a":{"k":[0,0]},"s":{"k":[100,100]},"sk":{"k":0},"sa":{"k":0},"hd":false}]},{"ty":"gr","hd":false,"it":[{"ty":"sh","ks":{"k":{"i":[[0,0],[0,0]],"o":[[0,0],[0,0]],"v":[[0,0],[34.3,0]],"c":false}}},{"ty":"st","lc":1,"lj":1,"ml":4,"o":{"k":100},"w":{"k":1},"c":{"k":[0,0,0,1]},"hd":false},{"ty":"tr","o":{"k":100},"r":{"k":0},"p":{"k":[10.12,31.88]},"a":{"k":[0,0]},"s":{"k":[75,75]},"sk":{"k":0},"sa":{"k":0},"hd":false}]},{"ty":"gr","hd":false,"it":[{"ty":"sh","ks":{"k":{"i":[[0,0],[0,0]],"o":[[0,0],[0,0]],"v":[[39.23,35.78],[72.44,6.59]],"c":false}}},{"ty":"st","lc":1,"lj":1,"ml":4,"o":{"k":100},"w":{"k":1},"c":{"k":[0,0,0,1]},"hd":false},{"ty":"tr","o":{"k":100},"r":{"k":0},"p":{"k":[5.67,5.62]},"a":{"k":[0,0]},"s":{"k":[75,75]},"sk":{"k":0},"sa":{"k":0},"hd":false}]},{"ty":"gr","hd":false,"it":[{"ty":"gr","hd":false,"it":[{"ty":"sh","ks":{"k":{"i":[[0,0],[0,0]],"o":[[0,0],[0,0]],"v":[[0,0],[37.7,37.9]],"c":false}}},{"ty":"st","lc":1,"lj":1,"ml":4,"o":{"k":100},"w":{"k":1},"c":{"k":[0,0,0,1]},"hd":false},{"ty":"tr","o":{"k":100},"r":{"k":0},"p":{"k":[35.1,31.95]},"a":{"k":[0,0]},"s":{"k":[75,75]},"sk":{"k":0},"sa":{"k":0},"hd":false}]},{"ty":"tr","o":{"k":100},"r":{"k":0},"p":{"k":[0,0]},"a":{"k":[0,0]},"s":{"k":[100,100]},"sk":{"k":0},"sa":{"k":0},"hd":false}]},{"ty":"gr","hd":false,"it":[{"ty":"gr","hd":false,"it":[{"ty":"sh","ks":{"k":{"i":[[0,0],[0,-3],[-3,0],[0,3],[3,0]],"o":[[-3,0],[0,3],[3,0],[0,-3],[0,0]],"v":[[17.44,51.75],[12,57.19],[17.44,62.62],[22.88,57.19],[17.44,51.75]],"c":false}}},{"ty":"sh","ks":{"k":{"i":[[0,0],[0,-3.83],[3.83,0],[0,3.83],[-3.83,0]],"o":[[3.83,0],[0,3.83],[-3.83,0],[0,-3.83],[0,0]],"v":[[17.44,50.25],[24.38,57.19],[17.44,64.12],[10.5,57.19],[17.44,50.25]],"c":true}}},{"ty":"fl","o":{"k":100},"c":{"k":[0,0,0,1]}},{"ty":"tr","o":{"k":100},"r":{"k":0},"p":{"k":[0,0]},"a":{"k":[0,0]},"s":{"k":[100,100]},"sk":{"k":0},"sa":{"k":0},"hd":false}]},{"ty":"tr","o":{"k":100},"r":{"k":0},"p":{"k":[0,0]},"a":{"k":[0,0]},"s":{"k":[100,100]},"sk":{"k":0},"sa":{"k":0},"hd":false}]},{"ty":"gr","hd":false,"it":[{"ty":"sh","ks":{"k":{"i":[[0,0],[-0.75,-1.82],[1.39,-1.39],[1.82,0.75],[0,1.97],[-2.69,0]],"o":[[1.97,0],[0.75,1.82],[-1.39,1.39],[-1.82,-0.75],[0,-2.69],[0,0]],"v":[[37.12,1.5],[41.63,4.51],[40.57,9.82],[35.26,10.88],[32.25,6.38],[37.12,1.5]],"c":true}}},{"ty":"gf","s":{"k":[37.12,1.5]},"e":{"k":[37.12,11.25]},"t":1,"h":{"k":0},"a":{"k":0},"g":{"p":2,"k":{"k":[0,0.64,0.64,0.64,1,0,0,0,0,1,1,1]}},"hd":false,"o":{"a":1,"k":[{"i":{"x":[0.67],"y":[1]},"o":{"x":[0.33],"y":[0]},"t":59,"s":[0]},{"t":109,"s":[100]}],"ix":5}},{"ty":"tr","o":{"k":100},"r":{"k":0},"p":{"k":[0,0]},"a":{"k":[0,0]},"s":{"k":[100,100]},"sk":{"k":0},"sa":{"k":0},"hd":false}]},{"ty":"gr","hd":false,"it":[{"ty":"gr","hd":false,"it":[{"ty":"sh","ks":{"k":{"i":[[0,0],[0,-2.69],[-2.69,0],[0,2.69],[2.69,0]],"o":[[-2.69,0],[0,2.69],[2.69,0],[0,-2.69],[0,0]],"v":[[64.12,1.5],[59.25,6.38],[64.12,11.25],[69,6.38],[64.12,1.5]],"c":false}}},{"ty":"sh","ks":{"k":{"i":[[0,0],[0,-3.52],[3.52,0],[0,3.52],[-3.52,0]],"o":[[3.52,0],[0,3.52],[-3.52,0],[0,-3.52],[0,0]],"v":[[64.12,0],[70.5,6.38],[64.12,12.75],[57.75,6.38],[64.12,0]],"c":true}}},{"ty":"fl","o":{"k":100},"c":{"k":[0,0,0,1]}},{"ty":"tr","o":{"k":100},"r":{"k":0},"p":{"k":[0,0]},"a":{"k":[0,0]},"s":{"k":[100,100]},"sk":{"k":0},"sa":{"k":0},"hd":false}]},{"ty":"tr","o":{"k":100},"r":{"k":0},"p":{"k":[0,0]},"a":{"k":[0,0]},"s":{"k":[100,100]},"sk":{"k":0},"sa":{"k":0},"hd":false}]},{"ty":"gr","hd":false,"it":[{"ty":"sh","ks":{"k":{"i":[[0,0],[-0.81,-1.96],[1.5,-1.5],[1.96,0.81],[0,2.12],[-2.9,0]],"o":[[2.12,0],[0.81,1.96],[-1.5,1.5],[-1.96,-0.81],[0,-2.9],[0,0]],"v":[[5.25,27],[10.1,30.24],[8.96,35.96],[3.24,37.1],[0,32.25],[5.25,27]],"c":true}}},{"ty":"gf","s":{"k":[5.25,27]},"e":{"k":[5.25,37.5]},"t":1,"h":{"k":0},"a":{"k":0},"g":{"p":2,"k":{"k":[0,0.64,0.64,0.64,1,0,0,0,0,1,1,1]}},"hd":false,"o":{"a":1,"k":[{"i":{"x":[0.67],"y":[1]},"o":{"x":[0.33],"y":[0]},"t":59,"s":[0]},{"t":109,"s":[100]}],"ix":5}},{"ty":"tr","o":{"k":100},"r":{"k":0},"p":{"k":[0,0]},"a":{"k":[0,0]},"s":{"k":[100,100]},"sk":{"k":0},"sa":{"k":0},"hd":false}]},{"ty":"tr","o":{"k":100},"r":{"k":0},"p":{"k":[0,0]},"a":{"k":[0,0]},"s":{"k":[100,100]},"sk":{"k":0},"sa":{"k":0},"hd":false}]},{"ty":"tm","s":{"a":0,"k":0,"ix":1},"e":{"a":1,"k":[{"i":{"x":[0.27],"y":[1]},"o":{"x":[0.5],"y":[0]},"t":0,"s":[0]},{"t":66,"s":[100]}],"ix":2},"o":{"a":0,"k":0,"ix":3},"m":1,"ix":2,"hd":false}]}],"meta":{"g":"LF SVG to Lottie"}}